Date,Open,High,Low,Close,Adj Close,Volume
1/4/2011,3.425,3.48,3.4005,3.4635,3.211935,5963520
1/5/2011,3.4395,3.45,3.186,3.244,3.008378,20668340
1/6/2011,3.242,3.265,3.1865,3.223,2.988903,6779060
1/7/2011,3.2005,3.2105,3.07,3.1185,2.891994,13228920
1/10/2011,3.081,3.18,3.04,3.0795,2.855826,7448480
1/11/2011,3.04,3.095,2.9155,2.9825,2.765872,8727860
1/12/2011,2.99,3.085,2.945,3.078,2.854435,7565320
1/13/2011,3.0975,3.125,3.0155,3.047,2.825687,3849920
1/14/2011,3.0155,3.0655,2.8505,2.8755,2.666643,11350380
1/17/2011,2.8755,2.8945,2.59,2.684,2.489053,13338920
1/18/2011,2.6745,2.7245,2.624,2.674,2.479779,6385780
1/19/2011,null,null,null,null,null,null
1/20/2011,2.7485,2.775,2.598,2.615,2.425065,10039100
1/21/2011,2.58,2.649,2.533,2.604,2.414864,4795600
1/24/2011,2.6,2.6275,2.54,2.55,2.364785,3982700
1/25/2011,2.5475,2.625,2.525,2.6035,2.4144,7622200
1/26/2011,2.6035,2.7945,2.6025,2.7455,2.546086,9475640
1/27/2011,2.7015,2.79,2.67,2.7425,2.543304,6726520
1/28/2011,2.7005,2.755,2.7,2.726,2.528002,3921440
1/31/2011,2.735,2.8225,2.735,2.806,2.602192,7409440
2/1/2011,2.8065,2.8395,2.7505,2.822,2.617029,6876860
2/9/2011,2.772,2.819,2.7,2.819,2.614247,5782080
2/10/2011,2.8165,2.8745,2.76,2.8515,2.644387,5552840
2/11/2011,2.8515,2.945,2.837,2.92,2.707911,8023260
2/14/2011,2.925,2.9665,2.8835,2.9295,2.716721,6578280
2/15/2011,2.915,2.97,2.8725,2.8995,2.6889,7734980
2/16/2011,2.894,3,2.879,2.9645,2.749179,8204800
2/17/2011,2.9845,3.05,2.9515,3.024,2.804357,14877980
2/18/2011,3.024,3.0975,2.9655,3.0295,2.809458,19031000
2/21/2011,2.993,3.0895,2.97,3.0795,2.855826,5774980
2/22/2011,3.095,3.095,3.02,3.0245,2.804821,7757680
2/23/2011,3.0165,3.264,3.0025,3.15,2.921206,16462960
2/24/2011,3.139,3.2735,3.1105,3.225,2.990758,15707420
2/25/2011,3.225,3.2565,3.201,3.232,2.99725,10168740
2/28/2011,3.222,3.262,3.16,3.25,3.013942,21328340
3/1/2011,3.279,3.279,3.135,3.145,2.916569,22186500
3/2/2011,3.135,3.175,3.06,3.1,2.874838,9722360
3/3/2011,3.0615,3.12,2.9445,2.995,2.777463,23001300
3/4/2011,2.9925,3.1995,2.9515,3.1995,2.967111,12397140
3/7/2011,3.1995,3.279,3.175,3.223,2.988903,14001940
3/8/2011,3.2235,3.36,3.2015,3.359,3.115026,11255060
3/9/2011,3.359,3.5035,3.34,3.3945,3.147947,20583240
3/10/2011,3.435,3.4385,3.28,3.3025,3.062629,14780620
3/11/2011,3.293,3.3795,3.2745,3.3245,3.083031,11276740
3/14/2011,3.3655,3.4635,3.2925,3.3125,3.071903,9045540
3/15/2011,3.283,3.299,3.15,3.2595,3.022753,8605920
3/16/2011,3.2595,3.325,3.2,3.294,3.054746,4646920
3/17/2011,3.2505,3.2935,3.145,3.145,2.916569,6017820
3/18/2011,3.147,3.2,3.138,3.165,2.935116,3926180
3/21/2011,3.15,3.16,3.0435,3.078,2.854435,11213180
3/22/2011,3.12,3.225,3.06,3.112,2.885966,6591620
3/23/2011,3.101,3.14,3.1,3.135,2.907295,4252900
3/24/2011,3.135,3.135,3.05,3.083,2.859072,5847020
3/25/2011,3.083,3.123,3.0545,3.12,2.893384,6299820
3/28/2011,3.075,3.1275,3.0655,3.094,2.869273,4587680
3/29/2011,3.1125,3.1165,2.995,3,2.782101,4978180
3/30/2011,2.9755,3,2.865,2.965,2.749643,5852220
3/31/2011,null,null,null,null,null,null
4/1/2011,2.94,2.9695,2.8695,2.949,2.734805,2588500
4/6/2011,2.9005,2.9645,2.8825,2.9455,2.731559,3369080
4/7/2011,2.945,2.965,2.896,2.9505,2.736196,1677420
4/8/2011,2.974,3.075,2.9525,3.0395,2.818732,6196820
4/11/2011,3.05,3.0745,2.985,2.99,2.772827,4768020
4/12/2011,2.954,3.025,2.95,2.965,2.749643,4289300
4/13/2011,2.95,2.95,2.875,2.901,2.690291,6794000
4/14/2011,2.9,2.915,2.785,2.79,2.587353,15093800
4/15/2011,2.8035,2.8035,2.72,2.76,2.559533,14901800
4/18/2011,2.745,2.76,2.6865,2.715,2.517801,11294660
4/19/2011,2.715,2.85,2.675,2.824,2.618884,11811900
4/20/2011,2.81,2.81,2.7365,2.772,2.570661,10460220
4/21/2011,2.77,2.8255,2.71,2.735,2.536348,9772340
4/22/2011,2.7005,2.708,2.617,2.625,2.434338,20348600
4/25/2011,2.6285,2.685,2.49,2.509,2.326764,20355700
4/26/2011,2.509,2.5585,2.475,2.5,2.318417,8002200
4/27/2011,2.51,2.5345,2.48,2.5105,2.328154,4580240
4/28/2011,2.5105,2.529,2.4705,2.4795,2.299406,4379840
4/29/2011,2.472,2.478,2.263,2.367,2.268262,7248860
5/3/2011,2.347,2.359,2.292,2.327,2.22993,5345230
5/4/2011,2.325,2.34,2.271,2.282,2.186807,7263170
5/5/2011,2.279,2.296,2.221,2.287,2.191599,3085490
5/6/2011,2.278,2.317,2.25,2.287,2.191599,4651770
5/9/2011,2.319,2.348,2.231,2.272,2.177225,9870260
5/10/2011,2.272,2.288,2.1,2.26,2.165725,5755980
5/11/2011,2.248,2.248,2.2,2.214,2.121644,6168530
5/12/2011,2.23,2.286,2.202,2.216,2.123561,7014830
5/13/2011,2.21,2.262,2.21,2.246,2.15231,4191590
5/16/2011,2.247,2.26,2.2,2.201,2.109187,3540940
5/17/2011,2.223,2.225,2.181,2.205,2.11302,6351690
5/18/2011,2.186,2.22,2.18,2.205,2.11302,3487130
5/19/2011,2.205,2.218,2.183,2.183,2.091937,3218000
5/20/2011,2.205,2.401,2.198,2.401,2.300844,28271660
5/23/2011,2.473,2.641,2.473,2.591,2.482918,55241320
5/24/2011,2.591,2.765,2.412,2.62,2.510708,34747380
5/25/2011,2.571,2.698,2.541,2.6,2.491542,24636110
5/26/2011,2.585,2.613,2.471,2.502,2.397631,19645820
5/27/2011,2.471,2.474,2.26,2.337,2.239513,19212350
5/30/2011,2.301,2.305,2.159,2.205,2.11302,12968010
5/31/2011,2.201,2.31,2.201,2.289,2.193516,10995580
6/1/2011,2.296,2.518,2.24,2.518,2.412963,14488140
6/2/2011,2.55,2.65,2.47,2.549,2.44267,31804710
6/3/2011,2.551,2.717,2.485,2.68,2.568205,33739800
6/7/2011,2.66,2.673,2.568,2.647,2.536582,18677480
6/8/2011,2.61,2.75,2.61,2.694,2.581621,22146600
6/9/2011,2.658,2.681,2.501,2.501,2.396672,15586850
6/10/2011,2.47,2.6,2.451,2.572,2.46471,15214170
6/13/2011,2.575,2.586,2.48,2.57,2.462794,8757040
6/14/2011,2.55,2.69,2.533,2.648,2.53754,12038650
6/15/2011,2.621,2.699,2.58,2.586,2.478127,11536040
6/16/2011,2.548,2.548,2.5,2.528,2.422546,8655120
6/17/2011,2.5,2.544,2.4,2.424,2.322884,9352010
6/20/2011,2.41,2.41,2.262,2.276,2.181058,14375250
6/21/2011,2.32,2.429,2.29,2.41,2.309469,9530730
6/22/2011,2.409,2.434,2.368,2.37,2.271137,6180110
6/23/2011,2.35,2.43,2.275,2.406,2.305635,11079530
6/24/2011,2.4,2.647,2.371,2.647,2.536582,19903500
6/27/2011,2.778,2.83,2.713,2.73,2.61612,79695270
6/28/2011,2.703,2.82,2.7,2.711,2.597912,38932910
6/29/2011,2.675,2.747,2.64,2.663,2.551915,27916740
6/30/2011,2.642,2.748,2.642,2.735,2.620911,28161780
7/1/2011,2.702,2.749,2.661,2.689,2.57683,15774600
7/4/2011,2.7,2.755,2.67,2.745,2.630494,24009940
7/5/2011,2.753,2.848,2.71,2.8,2.683199,38182960
7/6/2011,2.789,3.058,2.76,2.955,2.831734,57570350
7/7/2011,2.931,2.939,2.85,2.878,2.757946,38004140
7/8/2011,2.85,2.88,2.76,2.781,2.664992,27062670
7/11/2011,2.782,2.883,2.748,2.829,2.71099,23670580
7/12/2011,2.801,2.801,2.723,2.723,2.609411,17657880
7/13/2011,2.705,2.825,2.705,2.79,2.673617,17327290
7/14/2011,2.709,2.709,2.558,2.626,2.516458,58935020
7/15/2011,2.615,2.625,2.562,2.571,2.463753,36561840
7/18/2011,2.59,2.649,2.586,2.608,2.499209,29369580
7/19/2011,2.607,2.842,2.598,2.799,2.682241,67805820
7/20/2011,2.79,2.808,2.701,2.73,2.61612,30986680
7/21/2011,2.748,2.781,2.621,2.655,2.544248,21397310
7/22/2011,2.651,2.673,2.62,2.645,2.534665,18278250
7/25/2011,2.643,2.643,2.464,2.466,2.363132,31336300
7/26/2011,2.45,2.48,2.37,2.442,2.340133,22265670
7/27/2011,2.432,2.495,2.381,2.481,2.377506,13830200
7/28/2011,2.439,2.495,2.411,2.441,2.339175,16398480
7/29/2011,2.441,2.445,2.34,2.344,2.246222,23416500
8/1/2011,2.3,2.36,2.281,2.322,2.225139,11798130
8/2/2011,2.322,2.322,2.233,2.303,2.206932,12323410
8/3/2011,2.27,2.41,2.265,2.379,2.279762,21956750
8/4/2011,2.365,2.398,2.345,2.37,2.271137,10784930
8/5/2011,2.25,2.321,2.24,2.307,2.210765,10857600
8/8/2011,2.27,2.3,2.076,2.092,2.004734,25738070
8/9/2011,2.005,2.093,1.915,2.025,1.940528,16189740
8/10/2011,2.075,2.09,2.02,2.03,1.94532,14891440
8/11/2011,1.968,2.047,1.95,2.036,1.951069,12790950
8/12/2011,2.068,2.111,2.068,2.086,1.998984,18118780
8/15/2011,2.087,2.138,2.065,2.119,2.030607,13489030
8/16/2011,2.13,2.13,2.051,2.058,1.972152,18250150
8/17/2011,2.05,2.1,2.046,2.088,2.0009,13274140
8/18/2011,2.09,2.09,2.018,2.038,1.952986,11031640
8/19/2011,1.985,2.01,1.94,2.007,1.923279,8301960
8/22/2011,2.007,2.038,1.98,2.016,1.931904,6341640
8/23/2011,2.032,2.082,2.012,2.072,1.985568,13685480
8/24/2011,2.08,2.18,2.06,2.1,2.0124,26439230
8/25/2011,2.104,2.13,2.052,2.11,2.021983,17016360
8/26/2011,2.11,2.183,2.075,2.15,2.060314,26760550
8/29/2011,2.202,2.29,2.154,2.161,2.070855,31630380
8/30/2011,2.156,2.167,2.092,2.092,2.004734,16793400
8/31/2011,2.083,2.1,2.03,2.05,1.964486,11350020
9/1/2011,2.056,2.09,2,2,1.916571,12287780
9/2/2011,1.99,2.048,1.968,2.001,1.917529,18488700
9/5/2011,1.98,1.99,1.885,1.885,1.806368,15794040
9/6/2011,1.84,1.915,1.838,1.844,1.767079,10856160
9/7/2011,1.87,1.89,1.841,1.883,1.804452,11354920
9/8/2011,1.89,1.948,1.88,1.88,1.801577,14881760
9/9/2011,1.88,1.91,1.831,1.85,1.772828,7823720
9/13/2011,1.808,1.808,1.758,1.775,1.700957,9371050
9/14/2011,null,null,null,null,null,null
9/15/2011,1.806,1.953,1.803,1.953,1.871532,35605910
9/16/2011,1.99,2.125,1.985,2.057,1.971194,66602400
9/19/2011,2.04,2.115,2.007,2.088,2.0009,46507460
9/20/2011,2.08,2.13,2.012,2.13,2.041148,57993450
9/21/2011,2.105,2.19,2.075,2.182,2.090979,75043030
9/22/2011,2.15,2.17,2.072,2.091,2.003775,54688540
9/23/2011,2.04,2.123,2.025,2.093,2.005692,36725750
9/26/2011,2.07,2.12,2.047,2.086,1.998984,36835650
9/27/2011,2.106,2.138,2.012,2.015,1.930946,35537120
9/28/2011,2.03,2.087,1.963,1.976,1.893572,28395200
9/29/2011,1.96,1.96,1.778,1.79,1.715331,39033930
9/30/2011,1.796,1.82,1.738,1.816,1.740247,21918700
10/10/2011,1.82,1.844,1.772,1.796,1.721081,11713950
10/11/2011,1.852,1.88,1.738,1.774,1.699999,21618630
10/12/2011,1.763,1.858,1.691,1.84,1.763246,24161450
10/13/2011,1.822,2.024,1.822,2.024,1.93957,54004290
10/14/2011,2.063,2.063,1.975,1.995,1.91178,49571100
10/17/2011,2,2.088,1.99,2.024,1.93957,52800830
10/18/2011,1.998,2.023,1.9,1.903,1.823617,33577830
10/19/2011,1.905,1.945,1.845,1.89,1.81116,20286670
10/20/2011,1.862,1.926,1.805,1.83,1.753663,20936770
10/21/2011,1.832,1.852,1.775,1.775,1.700957,13595060
10/24/2011,1.791,1.91,1.75,1.897,1.817868,28686320
10/25/2011,1.898,1.968,1.851,1.93,1.849491,35205540
10/26/2011,1.905,2.028,1.875,1.97,1.887823,46256970
10/27/2011,1.963,2.02,1.927,1.945,1.863866,35546280
10/28/2011,1.975,1.988,1.928,1.967,1.884948,31729810
10/31/2011,1.95,1.984,1.91,1.983,1.90028,33839320
11/1/2011,1.965,2.181,1.951,2.181,2.090021,103275600
11/2/2011,2.14,2.385,2.14,2.335,2.237597,155192050
11/3/2011,2.325,2.4,2.281,2.338,2.240472,87149760
11/4/2011,2.339,2.355,2.27,2.31,2.213639,50335290
11/7/2011,2.294,2.294,2.215,2.246,2.15231,58312420
11/8/2011,2.23,2.265,2.213,2.241,2.147518,35050850
11/9/2011,2.255,2.372,2.231,2.371,2.272095,73778210
11/10/2011,2.347,2.455,2.3,2.413,2.312343,85895480
11/11/2011,2.381,2.407,2.308,2.336,2.238555,56421990
11/14/2011,2.348,2.455,2.348,2.399,2.298927,54531650
11/15/2011,null,null,null,null,null,null
11/16/2011,2.385,2.55,2.36,2.38,2.28072,52977020
11/17/2011,2.36,2.464,2.346,2.422,2.320967,35434840
11/18/2011,2.356,2.41,2.28,2.29,2.194474,38128890
11/21/2011,2.288,2.325,2.183,2.217,2.124519,29399450
11/22/2011,2.2,2.285,2.131,2.283,2.187766,22308200
11/23/2011,2.275,2.317,2.209,2.209,2.116853,20211560
11/24/2011,2.17,2.263,2.056,2.24,2.14656,21638210
11/25/2011,2.245,2.306,2.2,2.218,2.125478,22931970
11/28/2011,2.227,2.254,2.151,2.191,2.099604,15848460
11/29/2011,2.231,2.269,2.205,2.258,2.163809,30874600
11/30/2011,2.27,2.296,2.1,2.17,2.07948,40611500
12/1/2011,2.25,2.27,2.192,2.202,2.110145,29477060
12/2/2011,2.19,2.226,2.09,2.115,2.026774,20758500
12/5/2011,2.115,2.115,1.99,2.011,1.927112,15795980
12/6/2011,2.009,2.039,1.96,2.018,1.93382,8135610
12/7/2011,2.04,2.079,2.013,2.028,1.943403,9120790
12/8/2011,2,2.08,1.988,2.022,1.937653,10357510
12/9/2011,1.99,2.039,1.951,1.963,1.881115,10961880
12/12/2011,1.965,1.986,1.952,1.952,1.870573,10055490
12/13/2011,1.95,1.959,1.88,1.886,1.807327,10952640
12/14/2011,1.833,1.899,1.809,1.885,1.806368,14580650
12/15/2011,1.833,1.905,1.816,1.882,1.803493,14037760
12/16/2011,1.881,1.95,1.858,1.945,1.863866,8539690
12/19/2011,1.935,1.979,1.889,1.965,1.883031,8685680
12/20/2011,1.955,2.015,1.93,1.938,1.857157,11558060
12/21/2011,1.968,1.978,1.892,1.894,1.814993,8728620
12/22/2011,1.88,1.919,1.793,1.89,1.81116,10360780
12/23/2011,1.876,1.919,1.851,1.898,1.818826,5871260
12/26/2011,1.832,1.906,1.815,1.876,1.797744,2937370
12/27/2011,1.897,1.897,1.795,1.801,1.725872,8011660
12/28/2011,1.781,1.8,1.67,1.79,1.715331,11582600
12/29/2011,1.75,1.795,1.738,1.795,1.720122,4750970
12/30/2011,1.765,1.863,1.765,1.853,1.775703,5495510
1/4/2012,1.765,1.897,1.759,1.779,1.70479,11000030
1/5/2012,1.748,1.77,1.625,1.64,1.571588,9220200
1/6/2012,1.635,1.68,1.55,1.604,1.53709,10936950
1/9/2012,1.611,1.653,1.51,1.641,1.572547,25103780
1/10/2012,1.651,1.733,1.62,1.7,1.629086,21610640
1/11/2012,1.688,1.778,1.671,1.7,1.629086,19163840
1/12/2012,1.69,1.748,1.675,1.7,1.629086,12920310
1/13/2012,1.72,1.727,1.586,1.6,1.533257,17750560
1/16/2012,1.558,1.587,1.44,1.469,1.407722,20102510
1/17/2012,1.445,1.548,1.374,1.526,1.462344,21845890
1/18/2012,1.538,1.55,1.383,1.395,1.336808,20558190
1/19/2012,1.4,1.421,1.32,1.405,1.346391,16947030
1/20/2012,1.411,1.474,1.4,1.453,1.392389,14276000
1/30/2012,1.453,1.519,1.42,1.455,1.394305,12652050
1/31/2012,1.44,1.47,1.429,1.463,1.401972,10299200
2/1/2012,1.45,1.48,1.433,1.448,1.387598,9237740
2/2/2012,1.442,1.504,1.442,1.503,1.440303,12654270
2/3/2012,1.504,1.653,1.5,1.653,1.584046,38633950
2/6/2012,1.722,1.794,1.71,1.732,1.659751,61070010
2/7/2012,1.732,1.827,1.723,1.763,1.689458,69077360
2/8/2012,1.743,1.838,1.738,1.816,1.740247,64851950
2/9/2012,1.79,1.88,1.776,1.809,1.733539,56934300
2/10/2012,1.805,1.885,1.79,1.845,1.768037,46067810
2/13/2012,1.811,2.03,1.811,1.99,1.906988,105667230
2/14/2012,1.99,1.99,1.99,1.99,1.906988,0
2/15/2012,1.99,1.99,1.99,1.99,1.906988,0
2/16/2012,2.08,2.08,1.9,1.961,1.879198,112555140
2/17/2012,1.921,2.01,1.921,1.998,1.914655,55617560
2/20/2012,2.01,2.08,1.97,1.985,1.902197,52288350
2/21/2012,1.96,1.985,1.918,1.98,1.897405,42432470
2/22/2012,1.968,2.05,1.957,2.02,1.935737,43968070
2/23/2012,2.018,2.12,2.01,2.052,1.966402,60005980
2/24/2012,2.015,2.087,2.015,2.06,1.974068,41849740
2/27/2012,2.097,2.21,2.062,2.158,2.06798,69306970
2/28/2012,2.157,2.189,2.1,2.16,2.069897,42041430
2/29/2012,2.15,2.25,2.12,2.23,2.136977,65729470
3/1/2012,2.22,2.251,2.189,2.203,2.111103,38377680
3/2/2012,2.203,2.203,2.203,2.203,2.111103,0
3/5/2012,2.21,2.34,2.21,2.286,2.190641,78787330
3/6/2012,2.29,2.44,2.27,2.388,2.288386,73844170
3/7/2012,2.347,2.37,2.288,2.313,2.216514,56118910
3/8/2012,2.311,2.315,2.208,2.293,2.197349,71918410
3/9/2012,2.289,2.289,2.236,2.265,2.170517,59261760
3/12/2012,2.265,2.265,2.265,2.265,2.170517,0
3/13/2012,2.24,2.455,2.239,2.425,2.323843,107374570
3/14/2012,2.436,2.439,2.297,2.348,2.250055,87014540
3/15/2012,2.34,2.449,2.22,2.426,2.324801,55757050
3/16/2012,2.412,2.56,2.377,2.51,2.405297,61078270
3/19/2012,2.491,2.573,2.47,2.535,2.429254,35503620
3/20/2012,2.524,2.54,2.4,2.44,2.338217,32065620
3/21/2012,2.445,2.445,2.288,2.311,2.214598,46431410
3/22/2012,2.338,2.358,2.29,2.33,2.232805,20407710
3/23/2012,2.329,2.39,2.3,2.32,2.223222,17421260
3/26/2012,2.321,2.342,2.221,2.266,2.171475,12110100
3/27/2012,2.298,2.315,2.253,2.253,2.159018,10404750
3/28/2012,2.226,2.251,2.15,2.152,2.06223,22765560
3/29/2012,2.154,2.18,2.09,2.165,2.074688,16539720
3/30/2012,2.172,2.32,2.17,2.202,2.110145,19620690
4/5/2012,2.202,2.3,2.1,2.286,2.190641,20932480
4/6/2012,2.266,2.38,2.26,2.326,2.228972,29957360
4/9/2012,2.3,2.301,2.2,2.218,2.125478,17230110
4/10/2012,2.209,2.236,2.12,2.2,2.108228,19690160
4/11/2012,2.2,2.2,2.2,2.2,2.108228,0
4/12/2012,2.227,2.269,2.22,2.245,2.151351,29382290
4/13/2012,2.245,2.319,2.238,2.278,2.182975,18763730
4/16/2012,2.284,2.495,2.262,2.473,2.36984,69614430
4/17/2012,2.422,2.477,2.38,2.447,2.344925,43565050
4/18/2012,2.451,2.56,2.445,2.518,2.412963,63040190
4/19/2012,2.518,2.55,2.455,2.548,2.441712,37435520
4/20/2012,2.512,2.53,2.388,2.42,2.319051,56645950
4/23/2012,2.423,2.423,2.325,2.351,2.25293,32983170
4/24/2012,2.3,2.37,2.221,2.275,2.180099,42030920
4/25/2012,2.273,2.315,2.18,2.293,2.197349,35563430
4/26/2012,2.285,2.299,2.236,2.258,2.163809,14164990
4/27/2012,2.258,2.287,2.22,2.257,2.162851,14775590
5/2/2012,2.257,2.339,2.257,2.28,2.184891,28191900
5/3/2012,2.258,2.326,2.258,2.312,2.215556,18615550
5/4/2012,2.311,2.43,2.295,2.404,2.303719,36882070
5/7/2012,2.394,2.52,2.353,2.492,2.388048,49008790
5/8/2012,2.471,2.51,2.402,2.408,2.307552,39710070
5/9/2012,2.408,2.408,2.408,2.408,2.307552,0
5/10/2012,2.369,2.418,2.346,2.385,2.285511,20428280
5/11/2012,2.383,2.392,2.328,2.342,2.244305,21129720
5/14/2012,2.365,2.576,2.365,2.489,2.385173,102953280
5/15/2012,2.431,2.549,2.424,2.46,2.357383,65934570
5/16/2012,2.44,2.65,2.44,2.561,2.45417,78325410
5/17/2012,2.57,2.62,2.52,2.606,2.497292,53985940
5/18/2012,2.615,2.65,2.539,2.607,2.49825,55387020
5/21/2012,2.6,2.618,2.41,2.46,2.357383,52861140
5/22/2012,2.465,2.545,2.465,2.483,2.379423,38177070
5/23/2012,2.48,2.578,2.43,2.569,2.461836,40942220
5/24/2012,2.545,2.65,2.533,2.57,2.462794,46266080
5/25/2012,2.58,2.636,2.511,2.521,2.415838,33462160
5/28/2012,2.5,2.59,2.46,2.59,2.48196,26167590
5/29/2012,2.566,2.744,2.566,2.689,2.57683,67374440
5/30/2012,2.679,2.723,2.637,2.72,2.606537,41078160
5/31/2012,2.692,2.915,2.688,2.798,2.681283,74383360
6/1/2012,2.78,2.887,2.761,2.812,2.694699,59149670
6/4/2012,2.74,2.824,2.7,2.725,2.611328,43572360
6/5/2012,2.725,2.773,2.691,2.748,2.633369,28981810
6/6/2012,2.758,2.764,2.642,2.655,2.544248,37598760
6/7/2012,2.681,2.706,2.625,2.678,2.566288,29404320
6/8/2012,2.718,2.758,2.666,2.695,2.58258,35099590
6/11/2012,2.696,2.805,2.616,2.803,2.686074,61036160
6/12/2012,2.79,2.825,2.754,2.797,2.680325,26165740
6/13/2012,2.794,2.846,2.771,2.821,2.703324,29682410
6/14/2012,2.802,2.843,2.715,2.725,2.611328,27435990
6/15/2012,2.725,2.748,2.695,2.725,2.611328,23855850
6/18/2012,2.748,2.813,2.72,2.792,2.675533,26758450
6/19/2012,2.797,2.868,2.783,2.823,2.70524,32925370
6/20/2012,2.825,2.886,2.805,2.806,2.688949,24388460
6/21/2012,2.77,2.89,2.765,2.89,2.769445,31459700
6/25/2012,2.89,2.937,2.832,2.855,2.735905,26339410
6/26/2012,2.84,2.855,2.73,2.846,2.727281,22028210
6/27/2012,2.89,2.979,2.862,2.875,2.755071,50989490
6/28/2012,2.875,2.875,2.875,2.875,2.755071,0
6/29/2012,2.795,2.998,2.79,2.97,2.846108,46807130
7/2/2012,2.97,3.155,2.953,3.155,3.023391,53373230
7/3/2012,3.16,3.18,3.107,3.163,3.031058,42556260
7/4/2012,3.17,3.19,3.03,3.04,2.913188,35606750
7/5/2012,3,3.04,2.93,2.998,2.87294,35278380
7/6/2012,3.012,3.107,2.902,3.09,2.961102,44498950
7/9/2012,3.065,3.116,3.024,3.024,2.897856,21609560
7/10/2012,3.013,3.031,2.9,2.93,2.807777,30305140
7/11/2012,2.913,3.03,2.901,3.02,2.894022,25419370
7/12/2012,3,3.08,2.971,3.02,2.894022,28323620
7/13/2012,3.015,3.039,2.97,2.98,2.855691,16506370
7/16/2012,2.98,2.98,2.682,2.74,2.625703,62522300
7/17/2012,2.74,2.8,2.71,2.776,2.660201,19817140
7/18/2012,2.776,2.828,2.69,2.81,2.692782,17886310
7/19/2012,2.81,2.9,2.766,2.881,2.760821,30982780
7/20/2012,2.87,2.896,2.81,2.836,2.717698,10449850
7/23/2012,2.82,2.958,2.76,2.895,2.774237,21672570
7/24/2012,2.841,2.944,2.841,2.905,2.78382,12056600
7/25/2012,2.906,3.055,2.906,3.033,2.90648,34503260
7/26/2012,3.04,3.146,3.04,3.067,2.939061,35282500
7/27/2012,3.05,3.128,3.03,3.088,2.959186,15772130
7/30/2012,3.088,3.119,2.942,2.965,2.841317,16862230
7/31/2012,2.93,3.03,2.899,3.004,2.87869,14415660
8/1/2012,3.036,3.08,3,3.04,2.913188,16956360
8/2/2012,3.04,3.233,3.02,3.23,3.095262,50387300
8/3/2012,3.23,3.35,3.2,3.315,3.176717,44797680
8/6/2012,3.29,3.416,3.25,3.31,3.171925,33770590
8/7/2012,3.28,3.39,3.275,3.366,3.225589,26457570
8/8/2012,3.351,3.422,3.316,3.364,3.223673,23880900
8/9/2012,3.368,3.412,3.317,3.394,3.252421,14770830
8/10/2012,3.4,3.498,3.37,3.469,3.324293,29561280
8/13/2012,3.47,3.478,3.371,3.449,3.305127,16447170
8/14/2012,3.423,3.438,3.25,3.381,3.239963,26686620
8/15/2012,3.378,3.414,3.351,3.386,3.244755,10352140
8/16/2012,3.39,3.458,3.235,3.262,3.125928,20511470
8/17/2012,3.22,3.328,3.172,3.26,3.124011,20927950
8/20/2012,3.258,3.322,3.171,3.285,3.147968,14261050
8/21/2012,3.284,3.606,3.274,3.501,3.354958,55408350
8/22/2012,3.503,3.518,3.388,3.44,3.296503,21930850
8/23/2012,3.445,3.527,3.4,3.441,3.297461,18982850
8/24/2012,3.56,3.597,3.435,3.44,3.296503,53034280
8/27/2012,3.429,3.45,3.251,3.27,3.133594,47506440
8/28/2012,3.26,3.425,3.239,3.384,3.242839,34375670
8/29/2012,3.371,3.537,3.371,3.44,3.296503,40145180
8/30/2012,3.4,3.49,3.239,3.474,3.329084,30946930
8/31/2012,3.464,3.52,3.423,3.514,3.367415,25079810
9/3/2012,3.513,3.655,3.46,3.6,3.449828,37080750
9/4/2012,3.61,3.666,3.554,3.579,3.429704,18547630
9/5/2012,3.552,3.635,3.518,3.599,3.448869,20760890
9/6/2012,3.599,3.6,3.496,3.547,3.399039,18434820
9/7/2012,3.56,3.604,3.49,3.567,3.418205,35812380
9/10/2012,3.57,3.57,3.488,3.523,3.37604,19489210
9/11/2012,3.502,3.58,3.502,3.515,3.368374,18413120
9/12/2012,3.528,3.539,3.465,3.492,3.346333,18965440
9/13/2012,3.492,3.498,3.295,3.377,3.23613,48260570
9/14/2012,3.351,3.418,3.31,3.344,3.204507,18400190
9/17/2012,3.341,3.398,3.25,3.28,3.143177,16467680
9/18/2012,3.276,3.384,3.251,3.38,3.239006,19354110
9/19/2012,3.399,3.405,3.351,3.388,3.246671,13978410
9/20/2012,3.388,3.388,3.27,3.289,3.151801,10984180
9/21/2012,3.288,3.299,3.245,3.28,3.143177,11970450
9/24/2012,3.296,3.44,3.25,3.415,3.272545,18597520
9/25/2012,3.437,3.452,3.4,3.43,3.28692,11979350
9/26/2012,3.401,3.434,3.338,3.36,3.219839,10377500
9/27/2012,3.36,3.51,3.33,3.508,3.361666,23441170
9/28/2012,3.476,3.666,3.47,3.607,3.456536,27267710
10/8/2012,3.607,3.666,3.585,3.642,3.490076,20053620
10/9/2012,3.629,3.985,3.629,3.873,3.71144,40105130
10/10/2012,3.88,4.089,3.88,3.91,3.746897,42931910
10/11/2012,3.908,3.949,3.845,3.85,3.689399,16221940
10/12/2012,3.875,3.995,3.838,3.985,3.818768,21839520
10/15/2012,3.999,4.028,3.935,3.997,3.830267,17971430
10/16/2012,4,4.002,3.876,3.885,3.722939,21697590
10/17/2012,3.888,4.087,3.86,4.073,3.903097,25093670
10/18/2012,4.074,4.139,4.03,4.045,3.876265,25933360
10/19/2012,4.061,4.075,3.99,4.031,3.862849,13192770
10/22/2012,3.996,4.05,3.976,4.018,3.850392,12743920
10/23/2012,4.156,4.17,3.842,3.9,3.737314,45204940
10/24/2012,3.872,3.98,3.871,3.907,3.744022,28962640
10/25/2012,3.92,4.25,3.906,3.998,3.831226,37782270
10/26/2012,4.037,4.06,3.888,4.033,3.864766,27584310
10/29/2012,4,4.242,4,4.225,4.048757,39166960
10/30/2012,4.214,4.355,4.158,4.32,4.139794,35161110
10/31/2012,4.33,4.345,4.25,4.305,4.125419,20308930
11/1/2012,4.32,4.36,4.26,4.35,4.168542,19434210
11/2/2012,4.335,4.338,4.25,4.25,4.072713,21125750
11/5/2012,4.241,4.346,4.13,4.275,4.096671,33752370
11/6/2012,4.261,4.293,4.15,4.198,4.022882,15960780
11/7/2012,4.177,4.19,4.09,4.16,3.986469,23320520
11/8/2012,4.149,4.149,4.003,4.035,3.866682,16913600
11/9/2012,4.022,4.098,3.966,4.028,3.859974,15000190
11/12/2012,4.06,4.06,3.79,4.017,3.849433,40579690
11/13/2012,3.965,3.985,3.882,3.882,3.720064,12746040
11/14/2012,3.9,3.94,3.798,3.93,3.766062,21899600
11/15/2012,3.895,3.939,3.83,3.83,3.670234,13981520
11/16/2012,3.796,3.89,3.776,3.83,3.670234,11032350
11/19/2012,3.83,3.942,3.801,3.867,3.70569,21480790
11/20/2012,3.915,3.97,3.868,3.884,3.721981,18942310
11/21/2012,3.9,3.929,3.68,3.818,3.658734,40353530
11/22/2012,3.796,3.797,3.7,3.701,3.546615,21735500
11/23/2012,3.675,3.752,3.67,3.714,3.559072,14163960
11/26/2012,3.722,3.75,3.501,3.55,3.401914,33178000
11/27/2012,3.565,3.624,3.505,3.507,3.360707,14390800
11/28/2012,3.488,3.503,3.375,3.39,3.248588,32642810
11/29/2012,3.38,3.511,3.361,3.489,3.343458,18994640
11/30/2012,3.461,3.75,3.46,3.712,3.557156,31223320
12/3/2012,3.712,3.858,3.7,3.79,3.631902,33975280
12/4/2012,3.778,3.83,3.7,3.801,3.642444,13133690
12/5/2012,3.8,3.999,3.785,3.96,3.794811,32998590
12/6/2012,3.94,4.1,3.853,4.003,3.836017,30959110
12/7/2012,3.999,4.05,3.923,4.035,3.866682,24425150
12/10/2012,4.027,4.027,3.95,3.976,3.810143,18219900
12/11/2012,3.978,4.14,3.945,3.952,3.787144,23120670
12/12/2012,3.945,3.994,3.9,3.982,3.815893,15496830
12/13/2012,3.982,3.982,3.92,3.972,3.80631,9549450
12/14/2012,3.952,4.098,3.933,4.042,3.87339,25741310
12/17/2012,4.001,4.041,3.65,3.92,3.75648,51706680
12/18/2012,3.829,3.928,3.771,3.848,3.687483,20234000
12/19/2012,3.862,3.909,3.85,3.892,3.729648,13361550
12/20/2012,3.892,3.97,3.77,3.938,3.773729,23773570
12/21/2012,3.945,3.958,3.871,3.946,3.781395,15826100
12/24/2012,3.945,4.335,3.9,4.29,4.111045,49423630
12/25/2012,4.288,4.338,4.23,4.285,4.106254,34270160
12/26/2012,4.254,4.456,4.254,4.316,4.13596,35492250
12/27/2012,4.343,4.475,4.216,4.224,4.047798,37699070
12/28/2012,4.235,4.323,4.088,4.228,4.051631,32842180
12/31/2012,4.197,4.33,4.126,4.197,4.021924,48169780
1/4/2013,4.197,4.315,4.16,4.313,4.133086,40667270
1/7/2013,4.313,4.378,4.247,4.342,4.160876,36017830
1/8/2013,4.399,4.677,4.346,4.583,4.391823,59441600
1/9/2013,4.522,4.644,4.5,4.598,4.406197,36445630
1/10/2013,4.598,4.598,4.598,4.598,4.406197,0
1/11/2013,4.58,4.77,4.44,4.621,4.428237,53257920
1/14/2013,4.588,4.822,4.481,4.771,4.571981,53030400
1/15/2013,4.75,4.848,4.685,4.753,4.554731,32022310
1/16/2013,4.75,4.779,4.62,4.7,4.503942,24760180
1/17/2013,4.66,4.74,4.63,4.651,4.456986,14113690
1/18/2013,4.678,4.85,4.653,4.836,4.63427,30953890
1/21/2013,4.84,4.887,4.766,4.836,4.63427,18897300
1/22/2013,4.829,4.868,4.668,4.668,4.473278,15841790
1/23/2013,4.64,4.64,4.495,4.61,4.417696,20966690
1/24/2013,4.553,4.61,4.336,4.435,4.249997,36349790
1/25/2013,4.393,4.48,4.32,4.373,4.190583,14516600
1/28/2013,4.361,4.493,4.36,4.489,4.301744,26513140
1/29/2013,4.491,4.51,4.335,4.476,4.289286,24339750
1/30/2013,4.47,4.585,4.435,4.51,4.321868,27429980
1/31/2013,4.55,4.696,4.462,4.47,4.283536,21524410
2/1/2013,4.446,4.51,4.381,4.51,4.321868,17778380
2/4/2013,4.501,4.545,4.274,4.274,4.095713,27694680
2/5/2013,4.251,4.418,4.221,4.373,4.190583,16312320
2/6/2013,4.398,4.531,4.365,4.45,4.264371,16704150
2/7/2013,4.48,4.65,4.44,4.6,4.408114,29080150
2/8/2013,4.6,4.837,4.58,4.736,4.53844,27695680
2/18/2013,4.736,4.95,4.736,4.84,4.638103,25419640
2/19/2013,4.816,4.88,4.73,4.821,4.619895,14217160
2/20/2013,4.816,4.967,4.783,4.96,4.753096,21402390
2/21/2013,4.96,5.03,4.73,4.833,4.631394,22932300
2/22/2013,4.82,5.066,4.8,4.869,4.665893,33292310
2/25/2013,4.902,5.06,4.813,5.049,4.838384,21882300
2/26/2013,5.038,5.159,4.9,4.905,4.700391,23509870
2/27/2013,4.905,5.044,4.792,5.01,4.801011,25840680
2/28/2013,4.99,5.077,4.932,4.992,4.783762,25723230
3/1/2013,5,5.168,4.921,5.143,4.928463,24006000
3/4/2013,5.115,5.25,5.09,5.16,4.944754,20953780
3/5/2013,5.198,5.597,5.168,5.5,5.27057,37989100
3/6/2013,5.545,5.95,5.47,5.76,5.519725,28808610
3/7/2013,5.78,5.844,5.677,5.835,5.591597,29074930
3/8/2013,5.83,6.04,5.366,5.67,5.433479,40443190
3/11/2013,5.6,5.81,5.503,5.766,5.525475,27907590
3/12/2013,5.76,5.76,5.381,5.48,5.251405,31863730
3/13/2013,5.434,5.62,5.22,5.578,5.345317,25928150
3/14/2013,5.57,6.136,5.502,6.136,5.880041,49312830
3/15/2013,6.136,6.488,6.07,6.136,5.880041,49525160
3/18/2013,6.133,6.4,5.93,6.244,5.983535,31221960
3/19/2013,6.2,6.343,6.09,6.13,5.874291,24231380
3/20/2013,6.055,6.27,6.031,6.21,5.950953,22805720
3/21/2013,6.202,6.779,6.151,6.706,6.426263,35933640
3/22/2013,6.65,6.966,6.608,6.781,6.498135,27770650
3/25/2013,6.781,6.915,6.615,6.767,6.484718,30725410
3/26/2013,6.767,7.08,6.7,6.951,6.661043,35931870
3/27/2013,6.986,7.086,6.875,7.07,6.775079,25085550
3/28/2013,7.05,7.05,6.805,6.851,6.565215,30873700
3/29/2013,6.858,7.536,6.858,7.536,7.22164,39199860
4/1/2013,7.546,7.62,7.201,7.48,7.167976,47393610
4/2/2013,7.464,8.048,6.888,7.135,6.837368,77604820
4/3/2013,6.983,7.378,6.85,7.05,6.755914,51614420
4/8/2013,7.05,7.755,6.621,7.687,7.366341,48735150
4/9/2013,7.83,8.185,7.589,7.978,7.645203,42655180
4/10/2013,7.93,8.061,7.63,7.98,7.647119,35774460
4/11/2013,7.962,8.258,7.793,8.07,7.733364,32445970
4/12/2013,8.054,8.399,8.02,8.15,7.810027,47439740
4/15/2013,8.188,8.277,7.77,8.136,7.796611,37956570
4/16/2013,8.084,8.416,7.902,8.212,7.972328,53727265
4/17/2013,8.212,9,8.104,8.998,8.735389,72908335
4/18/2013,8.8,9.17,8.8,8.988,8.725679,66195495
4/19/2013,9.062,9.098,8.9,8.99,8.727623,50455965
4/22/2013,8.972,9.72,8.896,9.676,9.3936,66334150
4/23/2013,9.704,9.994,9.476,9.94,9.649896,74460400
4/24/2013,9.93,10.934,9.788,10.93,10.611003,85829450
4/25/2013,10.9,11.798,9.9,10.202,9.904249,133406320
4/26/2013,10.06,10.082,9.182,9.278,9.007217,111715125
5/2/2013,9.278,9.998,9.198,9.972,9.680962,81229845
5/3/2013,9.916,10.556,9.866,10,9.708145,72942135
5/6/2013,10,10.398,9.72,9.844,9.556698,65798565
5/7/2013,9.79,9.79,9.32,9.56,9.280988,68507470
5/8/2013,9.6,10.452,9.462,10.416,10.112005,101475805
5/9/2013,10.416,10.67,10.14,10.44,10.135303,91164170
5/10/2013,10.298,10.458,10.002,10.21,9.912016,49604945
5/13/2013,10.11,10.678,10.11,10.536,10.228501,56515555
5/14/2013,10.596,10.638,10.3,10.394,10.090646,46178625
5/15/2013,10.55,11.3,10.4,11.048,10.725559,80562255
5/16/2013,10.92,11.286,10.72,10.95,10.630419,68854860
5/17/2013,10.958,11.056,10.752,10.94,10.62071,43803485
5/20/2013,10.942,11.04,10.4,10.828,10.51198,49698680
5/21/2013,10.84,11.536,10.5,11.23,10.902247,77779485
5/22/2013,11.23,11.486,10.902,10.988,10.66731,47509860
5/23/2013,10.92,11.116,10.846,10.85,10.533338,33661845
5/24/2013,10.766,11,10.61,10.82,10.504212,35927960
5/27/2013,10.82,11.296,10.682,11.2,10.873123,53363710
5/28/2013,11.2,11.36,10.7,10.818,10.502271,54315450
5/29/2013,10.8,10.8,9.742,10.64,10.329467,70395220
5/30/2013,10.4,10.54,9.98,10.09,9.795519,53253300
5/31/2013,10.18,10.18,9.494,9.67,9.387777,68311640
6/3/2013,9.596,10.15,9.496,9.832,9.545048,49629540
6/4/2013,9.82,9.93,9.506,9.588,9.308169,30568815
6/5/2013,9.588,9.976,9.526,9.9,9.611063,39079775
6/6/2013,9.9,9.974,9.81,9.862,9.574173,21293190
6/7/2013,9.87,10.252,9.864,10.06,9.766395,40078875
6/13/2013,10.06,10.06,9.334,9.846,9.55864,29954795
6/14/2013,9.86,10.28,9.86,10.21,9.912016,32209075
6/17/2013,10.302,10.396,9.7,9.74,9.455733,53307815
6/18/2013,9.738,9.742,9.376,9.52,9.242154,36167575
6/19/2013,9.52,9.89,9.33,9.802,9.515924,35250195
6/20/2013,9.736,9.844,9.45,9.472,9.195556,18008780
6/21/2013,9.376,9.434,8.742,9.25,8.980035,28408180
6/24/2013,9.2,9.204,8.37,8.37,8.125717,36918805
6/25/2013,8.2,8.796,7.562,8.746,8.490745,49155185
6/26/2013,8.698,9.59,8.63,9.54,9.261571,52713995
6/27/2013,9.618,9.71,9.09,9.34,9.067408,35859310
6/28/2013,9.436,9.908,9.2,9.532,9.253804,41520990
7/1/2013,9.642,10.3,9.532,10.176,9.879009,58910265
7/2/2013,10.256,10.696,10.116,10.6,10.290634,50388270
7/3/2013,10.76,11.66,10.606,11.66,11.319696,85192395
7/4/2013,11.706,11.898,11.36,11.586,11.247857,60965575
7/5/2013,11.576,11.698,10.916,10.958,10.638186,44088250
7/8/2013,10.68,11.158,10.3,10.428,10.123654,52894030
7/9/2013,10.426,10.66,10.102,10.464,10.158604,43547780
7/10/2013,10.552,10.598,10.154,10.392,10.088705,45410395
7/11/2013,10.446,10.952,10.3,10.944,10.624594,49585910
7/12/2013,10.984,11.198,10.47,10.48,10.174136,47496740
7/15/2013,10.302,10.622,10.3,10.528,10.220735,46673480
7/16/2013,10.67,10.92,10.5,10.82,10.504212,45371700
7/17/2013,10.94,11.032,10.372,10.532,10.224618,39714105
7/18/2013,10.39,10.5,10.106,10.17,9.873183,50761730
7/19/2013,10.112,10.3,9.494,9.504,9.226621,70558210
7/22/2013,9.494,9.9,9.3,9.778,9.492623,35124730
7/23/2013,9.93,10.296,9.902,10.286,9.985799,40654625
7/24/2013,10.292,10.548,10.176,10.34,10.038222,46334325
7/25/2013,10.32,10.472,9.716,9.72,9.436317,41099245
7/26/2013,9.658,9.92,9.532,9.608,9.327586,29612925
7/29/2013,9.6,9.6,9.156,9.27,8.999451,35320850
7/30/2013,9.36,9.56,9.276,9.456,9.180022,25682590
7/31/2013,9.418,9.7,9.362,9.456,9.180022,24758590
8/1/2013,9.34,9.572,8.9,9.57,9.290695,62452245
8/2/2013,9.576,9.598,9.2,9.242,8.972267,43688895
8/5/2013,9.2,9.36,9.1,9.248,8.978093,42338710
8/6/2013,9.31,10.118,9.31,9.986,9.694554,69248245
8/7/2013,9.898,10.136,9.646,9.796,9.510098,42277775
8/8/2013,9.684,10.394,9.662,10.11,9.814935,80320495
8/9/2013,10.14,10.354,9.9,10.062,9.768337,46373030
8/12/2013,10.06,10.1,9.36,9.636,9.354769,72662865
8/13/2013,9.634,9.706,9.4,9.672,9.389718,31265785
8/14/2013,9.672,9.686,9.42,9.44,9.164488,42363315
8/15/2013,9.46,9.6,9.36,9.38,9.106239,25051430
8/16/2013,9.316,9.394,9.068,9.1,8.834413,42706465
8/19/2013,9.1,9.228,8.826,9.078,8.813055,56604655
8/20/2013,9.1,9.468,9,9.37,9.096531,50462505
8/21/2013,9.344,9.36,9.142,9.2,8.931494,26667955
8/22/2013,9.162,9.368,9.162,9.24,8.970325,25536185
8/23/2013,9.3,9.852,9.298,9.754,9.469325,90313245
8/26/2013,9.74,10.108,9.74,9.82,9.533399,62383620
8/27/2013,9.76,9.834,9.56,9.628,9.347002,35461420
8/28/2013,9.546,9.546,9.27,9.3,9.028575,39945505
8/29/2013,9.256,9.678,9,9.538,9.259628,44053055
8/30/2013,9.538,9.672,9.002,9.156,8.888778,44007405
9/2/2013,9.11,9.31,9.06,9.2,8.931494,23730220
9/3/2013,9.272,9.66,9.23,9.416,9.141191,29834815
9/4/2013,9.4,10.1,9.38,10.004,9.712028,93503305
9/5/2013,10.056,10.11,9.704,9.828,9.541165,60130905
9/6/2013,9.782,10.09,9.712,9.878,9.589706,43398900
9/9/2013,9.84,9.842,9.47,9.56,9.280988,49688615
9/10/2013,9.582,9.64,9.31,9.402,9.1276,35342785
9/11/2013,9.394,9.394,8.84,8.942,8.681025,68305985
9/12/2013,8.982,9.182,8.982,9.138,8.871303,28274290
9/13/2013,9.138,9.218,9,9.152,8.884894,18510825
9/16/2013,9.152,9.196,8.982,9.114,8.848004,25183155
9/17/2013,9.152,9.158,8.78,8.804,8.54705,44079685
9/18/2013,8.8,8.914,8.744,8.82,8.562585,23159775
9/23/2013,8.82,9.068,8.82,9.06,8.79558,27177370
9/24/2013,9.098,9.27,9,9.04,8.776163,29089030
9/25/2013,8.98,8.98,8.744,8.772,8.515985,42319365
9/26/2013,8.772,8.772,8.44,8.456,8.209208,36379635
9/27/2013,8.452,8.748,8.42,8.504,8.255807,23961565
9/30/2013,8.484,8.636,8.484,8.498,8.249983,19653010
10/8/2013,8.498,8.666,8.314,8.608,8.356771,35829170
10/9/2013,8.608,8.66,8.4,8.63,8.378128,28284805
10/10/2013,8.46,8.482,8.1,8.14,7.902431,62909225
10/11/2013,8.12,8.17,7.736,7.786,7.558762,95123290
10/14/2013,7.86,8.48,7.78,8.4,8.154841,85845150
10/15/2013,8.394,8.776,8.28,8.454,8.207267,68078625
10/16/2013,8.454,8.66,8.31,8.422,8.176199,44871910
10/17/2013,9.002,9.264,9.002,9.264,8.993627,70994300
10/18/2013,9.894,9.894,9.284,9.44,9.164488,105230055
10/21/2013,9.52,9.532,8.93,9.28,9.009158,67442505
10/22/2013,9.19,9.508,9.158,9.29,9.018867,57500695
10/23/2013,9.202,9.212,8.74,8.782,8.525692,51209520
10/24/2013,8.662,8.948,8.52,8.92,8.659666,28434595
10/25/2013,8.762,9.11,8.712,8.806,8.548992,26975500
10/28/2013,8.866,9.096,8.688,8.826,8.568409,32145905
10/29/2013,8.824,8.824,8.12,8.55,8.300465,36143495
10/30/2013,8.59,8.846,8.58,8.784,8.527635,22738210
10/31/2013,8.82,8.852,8.536,8.55,8.300465,16131060
11/1/2013,8.412,8.488,8.202,8.358,8.114068,19831970
11/4/2013,8.358,8.66,8.358,8.572,8.321821,18896660
11/5/2013,8.502,8.67,8.496,8.588,8.337356,13137075
11/6/2013,8.6,8.812,8.58,8.61,8.358712,20476290
11/7/2013,8.39,8.514,8.33,8.354,8.110185,38302415
11/8/2013,8.36,8.556,8.344,8.36,8.116009,13719135
11/11/2013,8.352,8.47,8.256,8.43,8.183967,12700515
11/12/2013,8.44,8.48,8.354,8.44,8.193674,13430080
11/13/2013,8.46,8.574,8.4,8.44,8.193674,16967415
11/14/2013,8.394,8.55,8.362,8.5,8.251923,13021395
11/15/2013,8.476,8.8,8.418,8.618,8.36648,30792010
11/18/2013,8.642,8.772,8.552,8.7,8.446086,23977855
11/19/2013,8.7,9.414,8.67,9.158,8.89072,58237975
11/20/2013,9.16,9.238,8.802,9.066,8.801404,31638815
11/21/2013,8.96,9,8.722,8.962,8.700439,27491340
11/22/2013,8.938,9.058,8.864,8.882,8.622774,18609745
11/25/2013,8.92,9.156,8.844,8.988,8.725679,30417665
11/26/2013,9.02,9.35,8.922,9.298,9.026634,44786080
11/27/2013,9.298,9.7,9.242,9.55,9.27128,52891685
11/28/2013,9.56,9.62,9.42,9.48,9.203321,32001170
11/29/2013,9.536,9.786,9.536,9.57,9.290695,33221545
12/2/2013,9.286,9.418,9.03,9.082,8.816936,38667585
12/3/2013,9.022,9.368,9.02,9.316,9.044108,19225875
12/4/2013,9.37,9.8,9.37,9.522,9.244097,32354395
12/5/2013,9.56,9.74,9.242,9.25,8.980035,20630020
12/6/2013,9.252,9.298,8.96,9.078,8.813055,22300695
12/9/2013,9.16,9.25,8.98,9.06,8.79558,23996575
12/10/2013,9.1,9.17,8.994,9.1,8.834413,16424470
12/11/2013,9.098,9.106,8.942,8.984,8.721798,15110710
12/12/2013,8.986,9.116,8.964,9.108,8.842178,16043315
12/13/2013,9.05,9.156,8.96,9.078,8.813055,16756820
12/16/2013,9.098,9.276,9.022,9.266,8.995566,23564080
12/17/2013,9.266,9.306,9.122,9.176,8.908194,12767630
12/18/2013,9.1,9.216,8.986,9.06,8.79558,10741395
12/19/2013,9.05,9.256,9.05,9.128,8.861595,14511425
12/20/2013,9.26,9.444,8.942,8.98,8.717914,18552825
12/23/2013,8.974,8.998,8.76,8.98,8.717914,15944655
12/24/2013,8.98,9.054,8.79,8.868,8.609182,13861415
12/25/2013,8.868,9.112,8.8,9.11,8.84412,17248550
12/26/2013,9.054,9.184,8.98,9.03,8.766455,14302815
12/27/2013,9.03,9.37,8.984,9.37,9.096531,26958060
12/30/2013,9.37,9.498,9.3,9.462,9.185847,19524700
12/31/2013,9.44,9.648,9.304,9.616,9.335353,26071400
1/2/2014,9.616,10,9.6,9.692,9.409134,32399450
1/3/2014,9.56,9.824,9.526,9.672,9.389718,34537105
1/6/2014,9.67,9.676,9.316,9.37,9.096531,25656900
1/7/2014,9.256,9.436,9.218,9.302,9.030518,16424770
1/8/2014,9.35,9.682,9.304,9.6,9.319819,24488685
1/9/2014,9.616,9.718,9.482,9.614,9.33341,19853100
1/10/2014,9.562,9.62,9.236,9.24,8.970325,15235900
1/13/2014,9.252,9.3,8.64,8.74,8.484919,32077645
1/14/2014,8.74,8.892,8.656,8.84,8.582001,17751520
1/15/2014,8.86,8.94,8.796,8.888,8.628599,14547675
1/16/2014,8.892,8.97,8.82,8.888,8.628599,15013765
1/17/2014,8.888,8.948,8.436,8.486,8.238332,32176550
1/20/2014,8.42,8.552,8.304,8.358,8.114068,19036535
1/21/2014,8.358,8.57,8.352,8.438,8.191732,12680730
1/22/2014,8.464,8.756,8.436,8.73,8.475209,19534890
1/23/2014,8.74,8.784,8.542,8.568,8.317938,24257705
1/24/2014,8.558,8.71,8.46,8.634,8.382012,24084820
1/27/2014,8.6,8.724,8.484,8.64,8.387837,17521655
1/28/2014,8.59,8.72,8.376,8.44,8.193674,18196555
1/29/2014,8.48,8.5,8.31,8.346,8.102418,17760610
1/30/2014,8.322,8.594,8.322,8.494,8.246099,14269690
2/7/2014,8.494,8.674,8.3,8.592,8.341239,50094910
2/10/2014,8.64,8.99,8.6,8.918,8.657723,63529040
2/11/2014,9.196,9.81,9.194,9.38,9.106239,90383850
2/12/2014,9.394,9.754,9.236,9.634,9.352826,47542690
2/13/2014,9.642,9.888,9.5,9.568,9.288754,66283780
2/14/2014,9.576,10.396,9.576,10.328,10.026572,69812635
2/17/2014,10.34,10.472,10.172,10.342,10.040164,51952145
2/18/2014,10.34,10.34,9.77,9.892,9.603296,64847685
2/19/2014,9.86,9.868,9.554,9.696,9.413017,35340335
2/20/2014,9.702,9.88,9.466,9.562,9.282928,31429115
2/21/2014,9.564,9.86,9.48,9.622,9.341177,36003565
2/24/2014,9.622,9.622,9.622,9.622,9.341177,0
2/25/2014,9.622,9.622,9.622,9.622,9.341177,0
2/26/2014,9.622,9.622,9.622,9.622,9.341177,0
2/27/2014,9.622,9.622,9.622,9.622,9.341177,0
2/28/2014,9.622,9.622,9.622,9.622,9.341177,0
3/3/2014,9.622,9.622,9.622,9.622,9.341177,0
3/4/2014,9.622,9.622,9.622,9.622,9.341177,0
3/5/2014,9.622,9.622,9.622,9.622,9.341177,0
3/6/2014,9.622,9.622,9.622,9.622,9.341177,0
3/7/2014,9.622,9.622,9.622,9.622,9.341177,0
3/10/2014,9.622,9.622,9.622,9.622,9.341177,0
3/11/2014,9.622,9.622,9.622,9.622,9.341177,0
3/12/2014,9.622,9.622,9.622,9.622,9.341177,0
3/13/2014,9.622,9.622,9.622,9.622,9.341177,0
3/14/2014,9.622,9.622,9.622,9.622,9.341177,0
3/17/2014,9.622,9.622,9.622,9.622,9.341177,0
3/18/2014,9.622,9.622,9.622,9.622,9.341177,0
3/19/2014,9.622,9.622,9.622,9.622,9.341177,0
3/20/2014,9.622,9.622,9.622,9.622,9.341177,0
3/21/2014,9.622,9.622,9.622,9.622,9.341177,0
3/24/2014,9.622,9.622,9.622,9.622,9.341177,0
3/25/2014,9.622,9.622,9.622,9.622,9.341177,0
3/26/2014,9.622,9.622,9.622,9.622,9.341177,0
3/27/2014,9.8,9.856,8.66,8.678,8.424728,113783330
3/28/2014,8.5,8.858,7.81,8.732,8.477153,93379005
3/31/2014,8.48,8.68,8.296,8.42,8.174257,27261860
4/1/2014,8.424,8.642,8.33,8.618,8.36648,26912925
4/2/2014,8.676,8.99,8.676,8.876,8.61695,49754090
4/3/2014,8.876,8.954,8.71,8.786,8.529577,21937305
4/4/2014,8.788,8.932,8.742,8.85,8.591709,20922735
4/8/2014,8.85,9.246,8.8,9.122,8.855769,29835365
4/9/2014,9.186,9.434,9.098,9.176,8.908194,26159180
4/10/2014,9.202,9.496,9.202,9.484,9.207205,41603310
4/11/2014,9.422,9.476,9.31,9.434,9.158664,23688285
4/14/2014,9.5,9.552,9.104,9.198,8.929552,35463085
4/15/2014,9.184,9.28,8.83,8.93,8.669374,31849195
4/16/2014,8.928,9.102,8.832,9.06,8.79558,16961005
4/17/2014,9.152,9.46,9.152,9.4,9.125656,26733210
4/18/2014,9.4,9.448,9.23,9.38,9.106239,18282200
4/21/2014,9.312,9.736,9.222,9.418,9.143131,32928340
4/22/2014,9.26,9.464,8.72,9.12,8.941649,40684212
4/23/2014,9.12,9.176,8.836,8.908,8.733795,17745602
4/24/2014,8.94,8.992,8.744,8.78,8.608299,15062842
4/25/2014,8.74,9.036,8.6,8.608,8.439662,22657962
4/28/2014,8.6,8.6,8.2,8.372,8.208277,21456192
4/29/2014,8.36,8.58,8.32,8.468,8.302401,18429772
4/30/2014,8.46,8.584,8.404,8.48,8.314164,15851248
5/5/2014,8.48,9.328,8.48,9.328,9.145581,51816205
5/6/2014,9.5,9.824,9.344,9.484,9.298532,76741718
5/7/2014,9.504,9.76,9.328,9.48,9.29461,52139048
5/8/2014,9.308,9.552,9.08,9.104,8.925962,40860502
5/9/2014,9.12,9.26,8.4,9.236,9.055382,40118418
5/12/2014,9.268,9.4,9.04,9.292,9.110286,26630538
5/13/2014,9.292,9.292,8.996,9.076,8.898511,24185790
5/14/2014,8.98,9.144,8.928,9.088,8.910276,15136750
5/15/2014,9.12,9.136,8.68,8.72,8.549472,28547085
5/16/2014,8.664,8.9,8.636,8.836,8.663204,18829095
5/19/2014,8.832,8.832,8.56,8.58,8.41221,21134035
5/20/2014,8.684,8.768,8.556,8.576,8.408288,13968052
5/21/2014,8.584,8.78,8.4,8.76,8.58869,20804492
5/22/2014,8.796,8.94,8.692,8.704,8.533786,17435435
5/23/2014,8.72,8.784,8.628,8.78,8.608299,11243670
5/26/2014,8.88,8.936,8.74,8.86,8.686735,18114765
5/27/2014,8.88,8.9,8.552,8.732,8.561238,23104220
5/28/2014,8.72,8.748,8.56,8.74,8.569081,22116282
5/29/2014,8.736,8.78,8.548,8.548,8.380836,25033175
5/30/2014,8.56,8.576,8.36,8.5,8.333775,22537612
6/3/2014,8.5,8.628,8.5,8.556,8.388679,13820465
6/4/2014,8.532,8.552,8.352,8.408,8.243573,18663580
6/5/2014,8.408,8.488,8.32,8.46,8.294557,24843628
6/6/2014,8.46,8.7,8.44,8.572,8.404366,27354710
6/9/2014,8.58,8.592,8.4,8.404,8.239652,22698555
6/10/2014,8.412,8.652,8.392,8.584,8.416132,22493020
6/11/2014,8.568,8.688,8.464,8.6,8.431819,15339360
6/12/2014,8.592,8.88,8.56,8.716,8.545549,35497398
6/13/2014,8.672,8.78,8.6,8.636,8.467114,27308250
6/16/2014,8.64,8.888,8.632,8.848,8.674969,32254975
6/17/2014,8.852,8.852,8.684,8.74,8.569081,18707210
6/18/2014,8.716,8.832,8.676,8.712,8.541629,18741182
6/19/2014,8.7,8.72,8.32,8.34,8.176904,29488125
6/20/2014,8.34,8.48,8.32,8.4,8.235729,12073458
6/23/2014,8.452,8.496,8.368,8.42,8.25534,11700625
6/24/2014,8.396,8.456,8.328,8.416,8.251417,14905945
6/25/2014,8.452,8.456,8.328,8.368,8.204355,10245825
6/26/2014,8.4,8.636,8.372,8.512,8.34554,17312495
6/27/2014,8.52,8.536,8.4,8.44,8.274946,16266922
6/30/2014,8.44,8.596,8.404,8.572,8.404366,19196300
7/1/2014,8.572,8.696,8.472,8.648,8.47888,20825582
7/2/2014,8.652,8.732,8.58,8.652,8.482802,18866865
7/3/2014,8.652,8.652,8.652,8.652,8.482802,0
7/4/2014,8.652,8.652,8.652,8.652,8.482802,0
7/7/2014,8.652,8.652,8.652,8.652,8.482802,0
7/8/2014,8.652,8.652,8.652,8.652,8.482802,0
7/9/2014,8.652,8.652,8.652,8.652,8.482802,0
7/10/2014,8.652,8.652,8.652,8.652,8.482802,0
7/11/2014,8.652,8.652,8.652,8.652,8.482802,0
7/14/2014,8.652,8.652,8.652,8.652,8.482802,0
7/15/2014,8.652,8.652,8.652,8.652,8.482802,0
7/16/2014,8.652,8.652,8.652,8.652,8.482802,0
7/17/2014,8.652,8.652,8.652,8.652,8.482802,0
7/18/2014,8.652,8.652,8.652,8.652,8.482802,0
7/21/2014,9.052,9.292,8.64,8.792,8.620063,87411670
7/22/2014,8.756,8.756,8.4,8.624,8.455349,53384010
7/23/2014,8.548,8.64,8.272,8.352,8.188669,42022878
7/24/2014,8.36,8.42,8.02,8.036,7.878849,44980518
7/25/2014,8.036,8.48,8.036,8.46,8.294557,39603352
7/28/2014,8.468,8.6,8.464,8.556,8.388679,29468572
7/29/2014,8.58,9.032,8.528,8.908,8.733795,64632855
7/30/2014,8.92,9.028,8.72,8.96,8.784779,34243412
7/31/2014,8.976,9.052,8.848,8.968,8.792624,29024738
8/1/2014,8.96,9.032,8.84,8.86,8.686735,31107685
8/4/2014,8.92,8.988,8.872,8.956,8.780857,24726425
8/5/2014,8.952,8.98,8.836,8.932,8.757327,27484718
8/6/2014,8.968,9.432,8.932,9.28,9.098521,59306822
8/7/2014,9.3,9.312,9,9.048,8.871058,30035638
8/8/2014,9.04,9.116,8.936,9.028,8.851448,22781148
8/11/2014,9.08,9.184,9.008,9.128,8.949493,27636878
8/12/2014,9.108,9.156,9.028,9.088,8.910276,27887558
8/13/2014,9.1,9.176,9.028,9.132,8.953416,24427230
8/14/2014,9.164,9.192,9.04,9.052,8.87498,24068888
8/15/2014,9.068,9.4,9.044,9.288,9.106363,45708052
8/18/2014,9.292,9.416,9.184,9.364,9.180879,40594492
8/19/2014,9.364,9.86,9.288,9.62,9.431871,69878642
8/20/2014,9.6,9.736,9.396,9.448,9.263234,48671242
8/21/2014,9.568,9.72,9.48,9.672,9.482855,47268530
8/22/2014,9.688,9.852,9.624,9.768,9.576977,44541850
8/25/2014,9.804,9.864,9.46,9.524,9.337749,32849030
8/26/2014,9.472,9.588,9.168,9.24,9.059303,35938408
8/27/2014,9.2,9.356,9.116,9.284,9.102443,22945620
8/28/2014,9.38,9.396,8.92,8.992,8.816152,42120942
8/29/2014,8.984,9.192,8.984,9.16,8.980867,18416452
9/1/2014,9.196,10.076,9.16,10.076,9.878954,161814498
9/2/2014,10.4,10.576,10.16,10.4,10.196618,225451552
9/3/2014,10.32,10.944,10.272,10.356,10.153479,178399825
9/4/2014,10.264,10.62,10.084,10.512,10.306428,121594140
9/5/2014,10.524,10.564,10.204,10.404,10.20054,96662082
9/9/2014,10.404,10.404,10.012,10.224,10.024059,77915155
9/10/2014,10.296,10.48,10.148,10.272,10.071122,83413642
9/11/2014,10.22,10.34,10.088,10.212,10.012295,78065865
9/12/2014,10.2,10.264,10.044,10.24,10.039746,57792525
9/15/2014,10.276,10.36,10.116,10.18,9.980921,51267452
9/16/2014,10.18,10.3,9.592,9.72,9.529917,70292502
9/17/2014,9.72,9.796,9.372,9.6,9.412263,50767048
9/18/2014,9.604,9.728,9.48,9.692,9.502463,36731760
9/19/2014,9.696,9.708,9.568,9.672,9.482855,33183970
9/22/2014,9.632,9.632,9.28,9.396,9.212252,52343255
9/23/2014,9.364,9.544,9.344,9.536,9.349515,32774612
9/24/2014,9.488,9.676,9.364,9.596,9.40834,53715520
9/25/2014,9.576,9.704,9.408,9.452,9.267157,53994658
9/26/2014,9.44,9.46,9.3,9.4,9.216174,38020005
9/29/2014,9.424,9.652,9.424,9.596,9.40834,51769735
9/30/2014,9.672,9.684,9.52,9.568,9.380888,37337255
10/8/2014,9.568,9.66,9.488,9.616,9.42795,39744585
10/9/2014,9.652,9.82,9.604,9.788,9.596587,61536138
10/10/2014,9.732,9.74,9.52,9.568,9.380888,49664650
10/13/2014,9.5,9.5,9.2,9.272,9.090677,65007982
10/14/2014,9.276,9.336,9.168,9.212,9.03185,42710940
10/15/2014,9.212,9.332,9.16,9.288,9.106363,33839122
10/16/2014,9.212,9.368,9.084,9.1,8.92204,41609408
10/17/2014,9.108,9.172,8.852,8.964,8.7887,39337122
10/20/2014,8.96,9.056,8.948,9.024,8.847528,27536952
10/21/2014,9.076,9.108,8.856,8.864,8.690656,33656035
10/22/2014,8.868,8.952,8.752,8.752,8.580846,30188365
10/23/2014,8.752,8.8,8.396,8.476,8.310244,44704512
10/24/2014,8.5,8.6,8.396,8.596,8.427896,32091862
10/27/2014,8.5,8.664,8.452,8.636,8.467114,29536972
10/28/2014,8.668,8.78,8.652,8.732,8.561238,37251658
10/29/2014,8.76,8.792,8.604,8.68,8.510254,68640320
10/30/2014,8.7,8.772,8.596,8.7,8.529863,47598222
10/31/2014,8.692,8.692,8.5,8.592,8.423975,42070428
11/3/2014,8.6,8.672,8.56,8.644,8.474957,30647230
11/4/2014,8.66,8.66,8.516,8.572,8.404366,36703045
11/5/2014,8.544,8.584,8.468,8.5,8.333775,42011722
11/6/2014,8.52,8.66,8.484,8.624,8.455349,35685158
11/7/2014,8.64,8.732,8.52,8.552,8.384757,46455435
11/10/2014,8.552,8.632,8.52,8.628,8.459271,28956138
11/11/2014,8.656,8.68,8.304,8.328,8.165138,49819312
11/12/2014,8.3,8.588,8.284,8.588,8.420053,35271712
11/13/2014,8.596,8.604,8.348,8.428,8.263183,34376755
11/14/2014,8.432,8.6,8.4,8.512,8.34554,30932058
11/17/2014,8.56,8.66,8.464,8.6,8.431819,32941495
11/18/2014,8.624,8.868,8.624,8.792,8.620063,58801010
11/19/2014,8.792,8.792,8.652,8.728,8.557316,30997102
11/20/2014,8.712,8.712,8.552,8.584,8.416132,29929795
11/21/2014,8.62,8.676,8.58,8.616,8.447506,23243308
11/24/2014,8.672,8.712,8.572,8.62,8.451428,36063280
11/25/2014,8.624,8.86,8.6,8.824,8.651439,60915895
11/26/2014,8.84,8.88,8.692,8.728,8.557316,41415038
11/27/2014,8.76,8.788,8.652,8.68,8.510254,42308310
11/28/2014,8.696,9.196,8.636,8.996,8.820075,100666018
12/1/2014,9.012,9.176,8.876,9.112,8.933806,82214422
12/2/2014,9.076,9.176,9.04,9.112,8.933806,56974798
12/3/2014,9.092,9.124,8.92,9.104,8.925962,72923158
12/4/2014,9.112,9.316,9.108,9.176,8.996553,77748502
12/5/2014,9.176,9.176,8.648,8.772,8.600455,74260720
12/8/2014,8.768,8.768,8.528,8.6,8.431819,65309055
12/9/2014,8.596,8.6,8.304,8.316,8.153373,68166555
12/10/2014,8.36,8.612,8.332,8.604,8.43574,40575598
12/11/2014,8.58,8.756,8.524,8.616,8.447506,37265112
12/12/2014,8.696,8.72,8.54,8.596,8.427896,36708665
12/15/2014,8.608,8.868,8.58,8.804,8.631829,53282978
12/16/2014,8.86,8.932,8.764,8.8,8.627908,44128642
12/17/2014,8.836,8.836,8.5,8.52,8.353383,49452245
12/18/2014,8.52,8.64,8.468,8.492,8.325931,32226608
12/19/2014,8.472,8.548,8.32,8.436,8.271026,37857402
12/22/2014,8.42,8.42,7.824,7.856,7.702369,54255985
12/23/2014,7.856,8.056,7.856,7.88,7.725899,26001802
12/24/2014,7.96,7.996,7.876,7.952,7.796491,22325510
12/25/2014,7.964,8.164,7.952,8.036,7.878849,25427650
12/26/2014,8.032,8.04,7.92,7.968,7.812178,30686882
12/29/2014,7.98,7.984,7.64,7.676,7.525888,46978148
12/30/2014,7.612,7.664,7.168,7.24,7.098415,63644770
12/31/2014,7.348,7.592,7.34,7.584,7.435688,42135672
1/5/2015,7.584,7.74,7.492,7.716,7.565106,40793140
1/6/2015,7.672,8.068,7.564,8,7.843552,53515650
1/7/2015,8.036,8.056,7.864,8,7.843552,31289110
1/8/2015,7.972,8.088,7.96,7.964,7.808257,25687235
1/9/2015,7.92,8.112,7.88,7.884,7.729821,46888268
1/12/2015,7.88,7.984,7.6,7.636,7.486671,39049295
1/13/2015,7.636,8.4,7.612,8.4,8.235729,111854400
1/14/2015,8.48,8.784,8.432,8.712,8.541629,151251702
1/15/2015,8.6,8.768,8.42,8.48,8.314164,62776992
1/16/2015,8.432,8.72,8.384,8.64,8.471037,60466900
1/19/2015,8.404,8.74,8.2,8.4,8.235729,71879198
1/20/2015,8.44,8.688,8.412,8.64,8.471037,81249050
1/21/2015,8.756,9.056,8.756,8.812,8.639673,100453990
1/22/2015,8.82,9.184,8.768,9.104,8.925962,105820818
1/23/2015,9.072,9.16,8.92,9.032,8.85537,65042875
1/26/2015,9.032,9.152,8.972,9.076,8.898511,51112882
1/27/2015,9.124,9.264,8.892,8.956,8.780857,63966115
1/28/2015,8.9,8.912,8.676,8.684,8.514175,68842465
1/29/2015,8.632,8.784,8.6,8.688,8.518098,32284415
1/30/2015,8.712,8.836,8.64,8.668,8.498488,30911028
2/2/2015,8.56,8.832,8.508,8.72,8.549472,30369765
2/3/2015,8.824,8.86,8.68,8.816,8.643595,34609268
2/4/2015,8.832,8.876,8.62,8.628,8.459271,36389218
2/5/2015,8.684,8.748,8.46,8.464,8.298478,40358812
2/6/2015,8.464,8.576,8.212,8.232,8.071016,36259000
2/9/2015,8.18,8.3,8.148,8.164,8.004345,21716630
2/10/2015,8.272,8.44,8.16,8.408,8.243573,24830212
2/11/2015,8.452,8.536,8.4,8.48,8.314164,26781815
2/12/2015,8.484,8.532,8.412,8.504,8.337696,24119340
2/13/2015,8.528,8.74,8.472,8.68,8.510254,44953802
2/16/2015,8.688,8.92,8.66,8.892,8.718109,59930448
2/17/2015,8.94,8.976,8.756,8.888,8.714187,51172355
2/25/2015,8.888,9.124,8.86,8.9,8.725951,50456830
2/26/2015,8.892,8.98,8.84,8.952,8.776935,40246468
2/27/2015,8.924,9.26,8.92,9.148,8.969102,79667482
3/2/2015,9.18,9.58,9.12,9.568,9.380888,116021768
3/3/2015,9.5,9.672,9.352,9.44,9.255392,102228398
3/4/2015,9.452,9.552,9.38,9.504,9.318139,54060355
3/5/2015,9.52,9.772,9.48,9.724,9.533837,88500505
3/6/2015,9.8,9.884,9.268,9.276,9.0946,76918862
3/9/2015,9.248,9.412,8.984,9.344,9.161269,53776600
3/10/2015,9.32,9.64,9.312,9.452,9.267157,63543018
3/11/2015,9.448,9.552,9.332,9.484,9.298532,45961710
3/12/2015,9.516,9.836,9.46,9.568,9.380888,72355085
3/13/2015,9.648,9.66,9.432,9.528,9.34167,45812858
3/16/2015,9.4,9.652,9.28,9.648,9.459324,99749310
3/17/2015,9.712,9.832,9.58,9.748,9.557369,98213985
3/18/2015,9.804,10.2,9.744,10.116,9.918172,122932228
3/19/2015,10.116,10.24,9.94,10.052,9.855424,91455090
3/20/2015,10,10.136,9.948,10.036,9.839736,73604932
3/23/2015,10.088,10.308,9.98,10.296,10.09465,121386748
3/24/2015,10.3,10.32,9.8,10.02,9.82405,116990890
3/25/2015,10.02,11.024,9.84,10.96,10.745667,171096745
3/26/2015,10.8,11.148,10.492,10.684,10.475063,136163215
3/27/2015,10.684,10.908,10.608,10.752,10.541734,69865025
3/30/2015,10.772,10.872,10.616,10.748,10.537813,75159370
3/31/2015,10.76,11.152,10.688,10.72,10.510361,104982990
4/1/2015,10.728,11.072,10.616,10.932,10.718215,95248655
4/2/2015,10.932,11.324,10.916,11.12,10.902537,114435938
4/3/2015,11.112,11.268,10.964,11.124,10.906459,89576655
4/7/2015,11.124,11.396,11.084,11.264,11.043721,107159078
4/8/2015,11.264,11.3,10.724,10.812,10.600561,120825928
4/9/2015,10.796,10.796,9.968,10.352,10.149557,97052098
4/10/2015,10.288,11.124,10.248,10.992,10.77704,100081170
4/13/2015,11.04,12.092,10.996,11.9,11.667284,233851332
4/14/2015,11.72,12.116,11.44,11.764,11.533944,144002758
4/15/2015,11.756,11.756,11.112,11.112,10.894694,87206200
4/16/2015,10.996,11.316,10.68,11.112,10.894694,80007248
4/17/2015,11.156,11.24,10.9,11.092,10.875086,98358690
4/20/2015,11.004,11.04,10.564,10.644,10.435846,92056940
4/21/2015,10,10.5,9.908,10.452,10.247601,147855130
4/22/2015,10.452,10.792,10.348,10.632,10.424081,144941112
4/23/2015,10.64,10.708,10.356,10.432,10.227993,116098922
4/24/2015,10.24,10.908,10.132,10.884,10.671152,150460568
4/27/2015,11.08,11.772,11.08,11.176,10.957442,196545368
4/28/2015,11.276,11.552,10.94,11.364,11.141767,154594888
4/29/2015,11.34,12.344,11.128,12.212,11.973183,203810602
4/30/2015,12.224,12.592,11.996,12.204,11.965339,177578300
5/4/2015,12.204,13.02,12.024,12.324,12.082993,149426775
5/5/2015,12.192,12.24,11.4,11.508,11.28295,125727678
5/6/2015,11.608,12.228,11.56,11.8,11.56924,133968655
5/7/2015,11.94,12.272,11.608,12,11.765328,97632290
5/8/2015,12.132,12.744,10.912,11.748,11.518257,225783410
5/11/2015,11.796,12.924,11.796,12.924,12.671259,187259915
5/12/2015,13.16,14.184,12.736,13.716,13.44777,206374295
5/13/2015,13.72,14.44,13.048,13.928,13.655625,148806908
5/14/2015,14.392,14.596,13.648,13.748,13.479144,113558860
5/15/2015,13.592,14.276,13.38,14.036,13.761513,103244212
5/18/2015,14.044,15.44,13.928,15.4,15.098838,122845775
5/19/2015,15.52,16.08,15.212,15.612,15.306692,98256868
5/20/2015,15.684,16.52,15.28,15.472,15.169431,109777775
5/21/2015,15.44,16.032,15.4,15.972,15.659653,84014380
5/22/2015,16,16.200001,15.02,15.756,15.447876,124092192
5/25/2015,15.592,16.24,15.2,16.216,15.898882,111101360
5/26/2015,16.232,17.292,16.232,16.799999,16.471458,95634455
5/27/2015,16.799999,17.4,16,16.743999,16.416553,100252700
5/28/2015,17.292,18.42,17.120001,17.208,16.871481,150781002
5/29/2015,17.851999,18.648001,16.356001,18.344,17.985266,122087442
6/1/2015,18.860001,20.072001,18.719999,18.992001,18.620594,114270312
6/2/2015,19.08,19.42,18.528,19.344,18.96571,115559862
6/3/2015,19.608,20.396,18.604,19.639999,19.25592,98560652
6/4/2015,19.639999,19.639999,19.639999,19.639999,19.25592,0
6/5/2015,19.639999,19.639999,19.639999,19.639999,19.25592,0
6/8/2015,19.639999,19.639999,19.639999,19.639999,19.25592,0
6/9/2015,19.639999,19.639999,19.639999,19.639999,19.25592,0
6/10/2015,19.639999,19.639999,19.639999,19.639999,19.25592,0
6/11/2015,19.639999,19.639999,19.639999,19.639999,19.25592,0
6/12/2015,21.604,21.604,21.604,21.604,21.181515,5375328
6/15/2015,21.604,21.752001,19.444,19.444,19.063755,155834002
6/16/2015,18.360001,19.24,17.5,18.040001,17.68721,150696688
6/17/2015,17.799999,18.6,17,18.32,17.961735,102354198
6/18/2015,17.775999,18.280001,16.488001,16.488001,16.165562,112568600
6/19/2015,16.007999,16.931999,15.208,16.08,15.76554,113578248
6/23/2015,16.08,16.719999,14.604,16.540001,16.216545,87392275
6/24/2015,16.799999,16.879999,15.8,16.120001,15.804758,86063760
6/25/2015,16.58,16.756001,14.92,15.148,14.851766,93013730
6/26/2015,14.52,14.52,13.632,13.632,13.365413,95615268
6/29/2015,13.82,13.82,12.268,12.268,12.028088,126878222
6/30/2015,12.268,13.496,11.34,13.496,13.232074,161499330
7/1/2015,13.6,14.84,13.52,13.88,13.608563,174413350
7/2/2015,13.88,13.88,13.88,13.88,13.608563,0
7/3/2015,13.88,13.88,13.88,13.88,13.608563,0
7/6/2015,13.88,13.88,13.88,13.88,13.608563,0
7/7/2015,13.88,13.88,13.88,13.88,13.608563,0
7/8/2015,13.88,13.88,13.88,13.88,13.608563,0
7/9/2015,13.88,13.88,13.88,13.88,13.608563,0
7/10/2015,13.88,13.88,13.88,13.88,13.707319,0
7/13/2015,15.196,15.224,14.396,15.224,15.034598,196021732
7/14/2015,15.2,16.26,14.708,15.112,14.923992,184288470
7/15/2015,14.752,14.76,13.6,13.6,13.430803,80140628
7/16/2015,12.8,13.72,12.24,13.048,12.885671,131016090
7/17/2015,13.14,14.26,12.632,13.832,13.659916,123603728
7/20/2015,13.8,14.272,13.48,13.54,13.371549,106511698
7/21/2015,13.2,13.74,13,13.392,13.22539,72895350
7/22/2015,13.388,14.732,13.208,14.732,14.548719,138885392
7/23/2015,14.8,14.94,14.152,14.736,14.55267,145129882
7/24/2015,14.676,14.94,13.84,14.052,13.877179,118962680
7/27/2015,13.32,13.916,12.648,12.648,12.490646,102615295
7/28/2015,11.44,12.5,11.384,11.6,11.455685,141006480
7/29/2015,11.8,12.04,10.48,12.032,11.882309,132116305
7/30/2015,11.76,12.08,10.84,10.84,10.705139,84962815
7/31/2015,10.62,11.42,10.512,10.996,10.8592,108038855
8/3/2015,10.748,11.2,10.296,10.768,10.634035,102485090
8/4/2015,10.796,11.596,10.72,11.588,11.443833,60252090
8/5/2015,11.588,11.78,11.196,11.236,11.096213,63705412
8/6/2015,10.98,11.264,10.884,10.944,10.807846,36868602
8/7/2015,11.2,11.596,11.088,11.564,11.420133,57689342
8/10/2015,11.728,12.348,11.6,12.212,12.060071,83527018
8/11/2015,12.32,12.468,11.96,12.04,11.89021,72605415
8/12/2015,11.936,12.036,11.572,11.58,11.435933,50937068
8/13/2015,11.488,11.872,11.312,11.872,11.7243,44798488
8/14/2015,12,12.096,11.612,11.648,11.503087,55365772
8/17/2015,11.584,11.82,11.2,11.792,11.645295,62144868
8/18/2015,12.032,12.24,10.612,10.72,10.586633,99111625
8/19/2015,10.352,11.36,9.98,11.2,11.06066,78594868
8/20/2015,11.152,11.544,10.808,10.988,10.851298,70052735
8/21/2015,10.76,10.996,10.12,10.16,10.033599,65643008
8/24/2015,9.604,9.82,9.144,9.144,9.03024,59811298
8/25/2015,8.228,8.52,8.228,8.228,8.125635,99577575
8/26/2015,7.964,8.36,7.404,7.404,7.311887,85707625
8/27/2015,7.552,7.788,7.004,7.648,7.552851,83086470
8/28/2015,7.8,8.3,7.552,8.3,8.19674,84695785
8/31/2015,8.2,8.2,7.776,8.156,8.054532,63979502
9/1/2015,8.156,8.156,7.404,7.936,7.837268,69494508
9/2/2015,7.424,8.112,7.392,7.764,7.667408,77711102
9/7/2015,7.764,8.2,7.724,7.8,7.70296,47188285
9/8/2015,7.692,8.192,7.54,8.16,8.058481,41551440
9/9/2015,8.208,8.776,8.148,8.72,8.611514,73656392
9/10/2015,8.4,8.608,8.316,8.34,8.236242,44297192
9/11/2015,8.332,8.468,8.136,8.252,8.149336,30449410
9/14/2015,8.392,8.432,7.428,7.428,7.335588,60835988
9/15/2015,7.232,7.412,6.684,6.696,6.612695,54025342
9/16/2015,6.732,7.364,6.7,7.364,7.272384,50596050
9/17/2015,7.416,7.712,7.2,7.22,7.130176,56855408
9/18/2015,7.348,7.384,7.12,7.272,7.181529,31316182
9/21/2015,7.2,7.664,7.12,7.644,7.548901,40883558
9/22/2015,7.644,7.948,7.628,7.82,7.722712,45695098
9/23/2015,7.648,7.876,7.592,7.664,7.568652,40251208
9/24/2015,7.72,7.912,7.668,7.864,7.766164,31916578
9/25/2015,7.764,7.852,7.392,7.436,7.343489,37103712
9/28/2015,7.54,7.64,7.324,7.608,7.513349,20372015
9/29/2015,7.408,7.52,7.244,7.356,7.264484,37035682
9/30/2015,7.36,7.432,7.24,7.304,7.213131,23775742
10/8/2015,7.304,7.82,7.304,7.708,7.612105,38215495
10/9/2015,7.84,8.316,7.752,8.2,8.097983,68212235
10/12/2015,8.364,8.84,8.34,8.52,8.414002,91327588
10/13/2015,8.48,8.72,8.4,8.54,8.433754,61472095
10/14/2015,8.544,8.612,8.3,8.316,8.212541,53262838
10/15/2015,8.312,8.844,8.244,8.72,8.611514,75987138
10/16/2015,8.8,8.892,8.552,8.72,8.611514,81997882
10/19/2015,8.796,9.12,8.724,8.932,8.820877,83407692
10/20/2015,8.98,9.072,8.692,9.04,8.927533,87210915
10/21/2015,9.104,9.4,8.28,8.384,8.279695,131234390
10/22/2015,8.38,8.796,8.292,8.78,8.670768,75405615
10/23/2015,8.936,9.28,8.816,9.172,9.057891,90796088
10/26/2015,9.232,9.4,8.96,9.196,9.081593,85093852
10/27/2015,9.06,9.176,8.604,9.092,8.978886,63372625
10/28/2015,9.092,9.092,9.092,9.092,8.978886,0
10/29/2015,9.092,9.092,9.092,9.092,8.978886,0
10/30/2015,9.12,9.156,8.76,8.92,8.809026,72147362
11/2/2015,8.64,8.844,8.428,8.444,8.338948,45579730
11/3/2015,8.436,8.636,8.4,8.508,8.402152,40956680
11/4/2015,8.584,8.988,8.56,8.98,8.868279,68259400
11/5/2015,9.024,9.232,8.904,9.14,9.02629,97249345
11/6/2015,9.324,9.596,9.324,9.492,9.373909,89549990
11/9/2015,9.36,10.392,9.244,10.012,9.887442,140895510
11/10/2015,9.872,10.6,9.82,10.164,10.037549,143670718
11/11/2015,10.2,10.76,10.004,10.616,10.483926,120937298
11/12/2015,10.82,10.832,10.32,10.52,10.389121,93421562
11/13/2015,10.32,10.44,9.94,9.98,9.855839,75992260
11/16/2015,9.74,10.348,9.644,10.34,10.21136,71635898
11/17/2015,10.472,10.64,10.02,10.1,9.974346,76880928
11/18/2015,10.16,10.504,10,10.108,9.982245,62931960
11/19/2015,10.2,11.12,10.16,11.12,10.981655,204865102
11/20/2015,11.6,12.08,11.2,11.952,11.803305,265118668
11/23/2015,11.6,11.88,11.4,11.48,11.337176,145609595
11/24/2015,11.36,11.596,11.212,11.592,11.447783,87116215
11/25/2015,11.68,11.8,11.412,11.66,11.514937,117270060
11/26/2015,11.68,11.732,11.12,11.144,11.005358,112332995
11/27/2015,11.08,11.356,10.028,10.112,9.986197,128366832
11/30/2015,10.156,10.352,9.328,10.284,10.156057,102307038
12/1/2015,10.184,10.508,9.964,10.2,10.073101,59671275
12/2/2015,10.2,10.256,9.5,9.88,9.757083,64744762
12/3/2015,9.872,10.228,9.856,10.228,10.100753,65944105
12/4/2015,10.228,10.228,9.948,10.024,9.899292,59174938
12/7/2015,10.076,10.236,9.92,10.192,10.065202,64672988
12/8/2015,10.1,10.164,9.86,9.952,9.828187,60969390
12/9/2015,9.84,10,9.564,9.592,9.472666,59560150
12/10/2015,9.6,9.876,9.484,9.648,9.527969,44319605
12/11/2015,9.652,9.792,9.58,9.668,9.54772,35136515
12/14/2015,9.52,9.832,9.38,9.828,9.705729,57846308
12/15/2015,9.904,10.2,9.8,10.028,9.903241,63495915
12/16/2015,10.16,10.948,10.08,10.628,10.495777,116507635
12/17/2015,10.944,11.14,10.712,10.84,10.705139,130336905
12/18/2015,10.812,11.924,10.812,11.6,11.455685,250082275
12/21/2015,11.68,11.892,11.4,11.764,11.617644,209175040
12/22/2015,11.82,12.664,11.82,12.544,12.38794,200402065
12/23/2015,12.48,12.48,11.88,12,11.850708,141884132
12/24/2015,12.204,12.748,12.084,12.252,12.099573,130602845
12/25/2015,12.4,12.788,12.12,12.588,12.431393,105557032
12/28/2015,12.732,13.584,12.396,12.4,12.245731,163342200
12/29/2015,12.416,12.796,12.008,12.28,12.127225,120990570
12/30/2015,12.272,13.396,12.208,13.32,13.154286,137392580
12/31/2015,13.108,13.2,12.404,12.408,12.253633,133302055
1/4/2016,12.408,12.408,11.168,11.168,11.029059,102515382
1/5/2016,10.6,11.8,10.6,11.648,11.503087,162336640
1/6/2016,11.788,11.84,11.12,11.728,11.582091,126138720
1/7/2016,11.28,11.356,10.556,10.556,10.424673,30214250
1/8/2016,10.78,10.924,9.824,10.36,10.231111,110284685
1/11/2016,9.92,10.16,9.324,9.324,9.208,104276438
1/12/2016,9.284,9.72,9.04,9.484,9.36601,102761715
1/13/2016,9.56,9.732,8.74,8.8,8.690519,84503560
1/14/2016,8.444,9.46,8.444,9.332,9.215899,110331878
1/15/2016,9.2,9.588,8.888,8.984,8.872231,94084150
1/18/2016,8.84,9.756,8.792,9.52,9.401562,99814915
1/19/2016,9.48,10.168,9.4,10.084,9.958545,105755595
1/20/2016,9.992,10.288,9.776,9.928,9.804486,85033148
1/21/2016,9.748,10.128,9.244,9.244,9.128996,76052558
1/22/2016,9.484,9.744,9.24,9.74,9.618825,78793525
1/25/2016,9.96,10.072,9.684,9.84,9.717581,69830612
1/26/2016,9.64,9.752,8.856,8.856,8.745822,74694202
1/27/2016,8.964,9,8.112,8.94,8.828777,100173260
1/28/2016,8.692,8.832,8.132,8.24,8.137486,60577980
1/29/2016,8.28,8.928,8.176,8.784,8.674719,65224545
2/1/2016,8.712,9.048,8.588,8.824,8.714221,59583248
2/2/2016,8.888,9.4,8.832,9.24,9.125045,63047550
2/3/2016,9.06,9.272,8.82,9.148,9.034189,60815360
2/4/2016,9.212,9.508,9.208,9.256,9.140845,63507150
2/5/2016,9.344,9.48,9.2,9.348,9.231701,53242000
2/15/2016,9.348,9.584,8.92,9.428,9.310706,58567315
2/16/2016,9.512,10.06,9.444,9.92,9.796585,80092228
2/17/2016,9.876,10.272,9.752,10.18,10.053351,86792470
2/18/2016,10.22,10.24,9.864,9.936,9.812386,76254565
2/19/2016,9.96,10.2,9.92,10.004,9.879539,58516610
2/22/2016,10.148,10.548,9.932,10.488,10.357519,101194800
2/23/2016,10.396,10.396,9.84,10.036,9.911142,104280860
2/24/2016,10.016,10.12,9.516,9.844,9.721531,89822315
2/25/2016,9.792,9.936,8.86,8.86,8.749772,109006918
2/26/2016,8.952,9.04,8.48,8.74,8.631266,73441612
2/29/2016,8.56,8.66,7.868,7.92,7.821467,95843662
3/1/2016,7.916,8.388,7.84,8.248,8.145387,74019860
3/2/2016,8.396,8.828,8.34,8.792,8.682618,82120718
3/3/2016,8.932,9.176,8.72,8.728,8.619415,76216528
3/4/2016,8.632,8.796,8.356,8.464,8.3587,69430245
3/7/2016,8.664,8.904,8.612,8.688,8.579912,38432375
3/8/2016,8.596,8.68,8.12,8.6,8.493008,46747678
3/9/2016,8.36,8.896,8.248,8.6,8.493008,47668742
3/10/2016,8.592,8.752,8.484,8.5,8.394252,34947945
3/11/2016,8.364,8.796,8.348,8.78,8.670768,41379258
3/14/2016,8.928,9.268,8.84,9.088,8.974936,70581660
3/15/2016,9.044,9.16,8.868,8.9,8.789275,37595752
3/16/2016,8.984,9.08,8.632,8.756,8.647066,33534568
3/17/2016,8.844,9.6,8.812,9.328,9.21195,77257045
3/18/2016,9.4,9.824,9.4,9.54,9.421313,96436318
3/21/2016,9.8,9.948,9.608,9.768,9.646476,86273930
3/22/2016,9.72,10.248,9.664,9.996,9.87164,109871365
3/23/2016,9.896,10.116,9.76,10.076,9.950645,65825460
3/24/2016,10,10.472,9.82,9.948,9.824237,94870692
3/25/2016,9.836,10.032,9.724,9.832,9.70968,57839530
3/28/2016,9.94,10.1,9.576,9.648,9.527969,60428262
3/29/2016,9.7,9.7,9.292,9.504,9.385761,53441052
3/30/2016,9.68,10.456,9.668,10.456,10.325917,184173142
3/31/2016,10.456,10.7,10.36,10.616,10.483926,146148390
4/1/2016,10.408,10.68,10.288,10.652,10.51948,99604320
4/5/2016,10.652,11.4,10.54,11.08,10.942153,121391792
4/6/2016,10.964,11.44,10.96,11.284,11.143616,95636130
4/7/2016,11.26,11.38,10.804,10.824,10.68934,78394068
4/8/2016,10.68,10.956,10.524,10.844,10.709089,66998875
4/11/2016,11.12,11.268,10.964,10.976,10.839447,62743315
4/12/2016,10.96,10.976,10.564,10.664,10.531329,49670855
4/13/2016,10.8,11.152,10.776,10.856,10.720941,69814080
4/14/2016,10.96,11.4,10.904,11.28,11.139665,71575190
4/15/2016,11.32,11.324,10.92,11.044,10.906601,59463622
4/18/2016,10.924,10.976,10.6,10.848,10.713039,60652840
4/19/2016,10.864,10.96,10.576,10.736,10.602433,54355245
4/20/2016,10.96,11.124,10.044,10.68,10.54713,99671242
4/21/2016,10.46,10.74,10.248,10.368,10.239012,52453642
4/22/2016,10.248,10.5,10.12,10.48,10.349617,51075175
4/25/2016,10.416,10.72,10.22,10.608,10.476026,53298018
4/26/2016,10.504,10.816,10.504,10.66,10.527379,40274015
4/27/2016,10.664,10.712,10.28,10.332,10.20346,47925845
4/28/2016,10.28,10.38,9.94,10.232,10.104704,45466335
4/29/2016,10.18,10.372,10.18,10.22,10.092854,31787792
5/3/2016,10.22,10.64,10.22,10.6,10.468125,50381655
5/4/2016,10.56,11.28,10.52,11.028,10.8908,90868330
5/5/2016,11.08,11.156,10.8,10.972,10.835498,52933485
5/6/2016,11,11.2,10.468,10.468,10.337768,72260728
5/9/2016,10.38,10.4,9.964,10.068,9.942743,55940372
5/10/2016,10.12,10.256,9.96,10.12,9.994097,35720668
5/11/2016,10.172,10.228,9.64,9.664,9.54377,51064155
5/12/2016,9.596,9.916,9.44,9.9,9.776834,47122005
5/13/2016,9.872,10.14,9.748,10.024,9.899292,52816875
5/16/2016,10.112,10.956,10.02,10.8,10.665637,98991638
5/17/2016,10.736,11.2,10.704,10.88,10.744641,98414425
5/18/2016,10.724,11.12,10.6,11.08,10.942153,89160542
5/19/2016,11.084,11.4,10.972,11.048,10.910552,106751915
5/20/2016,10.76,11.34,10.72,11.252,11.112014,80933585
5/23/2016,11.296,11.396,11.108,11.24,11.100163,65505800
5/24/2016,11.144,11.22,10.808,10.912,10.776243,60632972
5/25/2016,11.04,11.236,10.88,10.94,10.803895,52450135
5/26/2016,10.82,11.248,10.472,11.248,11.108064,74185128
5/27/2016,11.252,11.584,11.14,11.4,11.258172,104867008
5/30/2016,11.32,11.32,10.904,11.02,10.8829,66997838
5/31/2016,10.96,11.716,10.96,11.672,11.526789,99305540
6/1/2016,11.684,11.904,11.492,11.584,11.439883,95815508
6/2/2016,11.68,12.072,11.68,11.828,11.680847,100629678
6/3/2016,11.796,11.996,11.528,11.564,11.420133,83195225
6/6/2016,11.612,11.776,11.388,11.64,11.495187,61415350
6/7/2016,11.648,11.8,11.42,11.616,11.471485,56124262
6/8/2016,11.552,12,11.444,11.824,11.676898,78421258
6/13/2016,11.824,11.824,10.908,10.912,10.776243,71746652
6/14/2016,10.912,11.112,10.72,10.88,10.744641,43219558
6/15/2016,10.736,11.492,10.724,11.276,11.135715,59575378
6/16/2016,11.244,11.42,11.1,11.232,11.092263,45794260
6/17/2016,11.32,11.424,11.052,11.16,11.021158,43075430
6/20/2016,11.2,11.752,11.2,11.684,11.538639,90418378
6/21/2016,11.672,11.892,11.32,11.392,11.250272,65235842
6/22/2016,11.476,11.72,11.284,11.696,11.550489,43065118
6/23/2016,11.62,11.644,11.352,11.408,11.266073,40822388
6/24/2016,11.4,11.532,10.36,11.184,11.04486,56914275
6/27/2016,11.18,11.68,11.16,11.624,11.479385,56901950
6/28/2016,11.6,12.14,11.524,11.916,11.767754,86687360
6/29/2016,11.952,11.996,11.652,11.784,11.637396,52770720
6/30/2016,11.832,11.968,11.66,11.8,11.653196,35648635
7/1/2016,11.8,12.08,11.7,11.7,11.623392,53513825
7/4/2016,11.5,11.84,11.412,11.76,11.683001,48651540
7/5/2016,11.76,11.84,11.536,11.58,11.504178,43007790
7/6/2016,11.52,11.752,11.424,11.508,11.432651,38804228
7/7/2016,11.5,11.56,11.256,11.484,11.408807,45085318
7/8/2016,11.488,11.8,11.404,11.704,11.627367,56984945
7/11/2016,11.74,11.86,11.444,11.572,11.49623,57016732
7/12/2016,11.56,11.7,11.444,11.68,11.603524,54553282
7/13/2016,11.76,12.848,11.76,12.6,12.5175,175632275
7/14/2016,12.512,12.972,12.44,12.64,12.557239,106045312
7/15/2016,12.616,12.876,12.5,12.788,12.704269,70088492
7/18/2016,13,13.864,13,13.36,13.272523,140929245
7/19/2016,13.364,13.78,13.14,13.624,13.534795,82172950
7/20/2016,13.76,13.784,13.4,13.416,13.328157,59637952
7/21/2016,13.572,13.6,13.06,13.316,13.228812,62015928
7/22/2016,13.32,13.432,12.956,13.256,13.169204,52782460
7/25/2016,13.24,13.356,13,13.28,13.193048,49387115
7/26/2016,13.276,13.572,13.14,13.516,13.427502,49390205
7/27/2016,13.52,13.672,12.4,12.532,12.449944,75420455
7/28/2016,12.56,12.94,12.476,12.86,12.775797,56481428
7/29/2016,12.8,12.808,12.548,12.548,12.46584,36541345
8/1/2016,12.36,12.624,12,12.584,12.501604,47022135
8/2/2016,12.46,12.736,12.46,12.536,12.453919,22225855
8/3/2016,12.52,12.88,12.456,12.68,12.596976,32528412
8/4/2016,12.6,12.96,12.524,12.896,12.811562,27324008
8/5/2016,12.892,13.22,12.804,12.968,12.883091,40301820
8/8/2016,12.968,13.7,12.888,13.644,13.554665,65378930
8/9/2016,13.68,13.928,13.404,13.66,13.57056,68633588
8/10/2016,13.784,14.196,13.528,13.584,13.495057,73955968
8/11/2016,13.6,13.776,13.24,13.4,13.312262,57514342
8/12/2016,13.312,13.632,13.252,13.508,13.419555,32790250
8/15/2016,13.552,13.7,13.304,13.632,13.542743,56816540
8/16/2016,13.64,13.804,13.372,13.768,13.677852,73945400
8/17/2016,13.756,14.108,13.58,13.584,13.495057,58485930
8/18/2016,13.56,13.744,13.448,13.592,13.503005,36024630
8/19/2016,13.528,14.088,13.468,13.88,13.789119,60383995
8/22/2016,13.9,14.504,13.844,14.108,14.015626,73275368
8/23/2016,14.1,14.8,13.944,14.48,14.38519,97754150
8/24/2016,14.412,14.68,14.204,14.248,14.15471,59933140
8/25/2016,14.16,14.468,13.956,14.392,14.297767,46558410
8/26/2016,14.48,15.28,14.444,15.2,15.100476,95319640
8/29/2016,15.128,15.348,14.94,15.092,14.993183,50815575
8/30/2016,15.076,15.288,14.908,15.088,14.98921,48963850
8/31/2016,15.232,15.272,14.472,14.52,14.424929,72352380
9/1/2016,14.472,14.68,14.24,14.276,14.182526,52101295
9/2/2016,14.18,14.556,14.14,14.48,14.38519,41365398
9/5/2016,14.48,14.592,14.22,14.44,14.345451,35974072
9/6/2016,14.456,15.068,14.32,15.068,14.96934,59126750
9/7/2016,15.108,15.2,14.652,14.66,14.564012,50157762
9/8/2016,14.544,14.636,13.96,14.092,13.999731,82514940
9/9/2016,14.2,14.472,14.004,14.076,13.983836,46017135
9/12/2016,13.84,14.312,13.832,13.944,13.8527,49182505
9/13/2016,14.12,14.396,14.024,14.3,14.206369,40550072
9/14/2016,14.3,14.384,14.004,14.096,14.003704,27492160
9/19/2016,14.096,14.352,14.012,14.152,14.059339,22005430
9/20/2016,14.164,14.2,13.948,14,13.908333,16617015
9/21/2016,14.08,14.512,14.004,14.4,14.305714,48927785
9/22/2016,14.504,14.752,14.4,14.676,14.579906,40193515
9/23/2016,14.676,14.724,14.404,14.52,14.424929,29847055
9/26/2016,14.444,14.468,13.86,13.86,13.76925,43446232
9/27/2016,13.9,13.952,13.548,13.784,13.693748,32305788
9/28/2016,13.924,14.156,13.832,14.056,13.963966,26817590
9/29/2016,13.992,14.616,13.992,14.44,14.345451,52711702
9/30/2016,14.4,14.676,14.372,14.544,14.448771,25505302
10/10/2016,14.544,14.756,14.404,14.64,14.544143,38499868
10/11/2016,14.744,15.28,14.648,15.14,15.040869,51791802
10/12/2016,15.132,15.248,14.824,14.952,14.854099,32905895
10/13/2016,14.892,15.032,14.828,14.904,14.806415,21882342
10/14/2016,14.856,14.928,14.592,14.872,14.774623,22521345
10/17/2016,14.84,15.04,14.736,14.76,14.663357,30284908
10/18/2016,14.72,14.836,14.516,14.8,14.703095,21637042
10/19/2016,14.86,14.944,14.624,14.72,14.623619,21080628
10/20/2016,14.868,15.552,14.804,15.488,15.38659,70720435
10/21/2016,15.488,15.612,15.272,15.5,15.398512,34090975
10/24/2016,15.52,16.044001,15.52,15.736,15.632967,44267688
10/25/2016,15.7,15.86,15.2,15.508,15.40646,28397440
10/26/2016,15.488,15.932,15.404,15.824,15.72039,33226335
10/27/2016,15.912,16.032,15.46,15.588,15.485936,30907415
10/28/2016,15.508,15.596,15.26,15.348,15.247506,23698338
10/31/2016,15.112,15.7,15,15.62,15.517726,28000342
11/1/2016,15.624,15.84,15.472,15.792,15.6886,25249532
11/2/2016,15.74,16.16,15.64,15.716,15.613097,31534768
11/3/2016,15.716,15.992,15.552,15.68,15.577333,26395558
11/4/2016,15.712,15.82,15.044,15.152,15.052791,57551875
11/7/2016,15.132,15.404,15.132,15.264,15.164057,34757565
11/8/2016,16,16.4,15.592,15.852,15.748207,69366432
11/9/2016,15.96,16.115999,15.56,15.84,15.736286,39828955
11/10/2016,16,16.26,15.8,15.836,15.732312,44502035
11/11/2016,16.08,16.200001,15.54,15.6,15.497857,47460065
11/14/2016,15.6,15.752,15.24,15.392,15.291219,47164548
11/15/2016,15.392,15.56,15.216,15.504,15.402485,26226180
11/16/2016,15.552,15.668,15.416,15.5,15.398512,22544408
11/17/2016,15.56,15.58,15.26,15.312,15.211743,16690710
11/18/2016,15.24,15.412,15.228,15.276,15.175979,17838200
11/21/2016,15.2,15.4,15.072,15.108,15.009078,25952682
11/22/2016,15.08,15.26,14.988,15.236,15.13624,30638385
11/23/2016,15.272,15.3,15.024,15.056,14.957418,20299595
11/24/2016,15.072,15.152,14.58,14.676,14.579906,32110280
11/25/2016,14.676,14.832,14.424,14.776,14.679253,23667090
11/28/2016,14.72,14.76,14.38,14.404,14.309689,41271285
11/29/2016,14.404,14.592,14.112,14.424,14.329556,36782255
11/30/2016,14.424,14.88,14.4,14.724,14.627593,29097718
12/1/2016,14.72,14.76,14.4,14.54,14.444798,22385802
12/2/2016,14.54,14.58,14.024,14.088,13.995757,30946142
12/5/2016,14.068,15,14.008,14.996,14.897812,65480900
12/6/2016,14.852,15.06,14.7,14.9,14.80244,37139990
12/7/2016,14.928,15,14.752,14.8,14.703095,22089348
12/8/2016,14.832,15.312,14.832,15.208,15.108424,48553578
12/9/2016,15.196,15.3,15.12,15.236,15.13624,31692288
12/12/2016,15.232,15.232,14.356,14.36,14.265976,42362008
12/13/2016,14.64,14.92,14.228,14.704,14.607724,63281328
12/14/2016,14.588,14.592,14.16,14.184,14.091128,34525035
12/15/2016,14.16,14.332,13.952,14.024,13.932177,31880612
12/16/2016,14.072,14.296,14.036,14.1,14.007679,20401765
12/19/2016,14.108,14.12,13.828,13.9,13.808988,23383055
12/20/2016,13.952,14.192,13.88,14.14,14.047417,20896672
12/21/2016,14.184,14.396,14.184,14.228,14.13484,21322560
12/22/2016,14.196,14.52,14.132,14.4,14.305714,19610905
12/23/2016,14.364,14.5,14.232,14.24,14.146762,15149532
12/26/2016,14.088,14.632,13.96,14.572,14.476587,23687362
12/27/2016,14.576,14.736,14.444,14.552,14.456719,21691752
12/28/2016,14.552,14.66,14.48,14.544,14.448771,13925142
12/29/2016,14.52,14.56,14.2,14.228,14.13484,19418112
12/30/2016,14.216,14.316,13.6,13.712,13.622219,53309072
1/3/2017,13.712,13.712,12.48,12.864,12.779772,119841165
1/4/2017,12.92,13.272,12.92,13.076,12.990383,60944158
1/5/2017,13.212,13.38,13.08,13.268,13.181126,34703985
1/6/2017,13.128,13.256,12.844,12.856,12.771824,37996068
1/9/2017,12.9,13.156,12.848,12.952,12.867195,30076240
1/10/2017,13,13.076,12.76,12.852,12.76785,24987520
1/11/2017,12.852,12.872,12.608,12.688,12.604923,22536490
1/12/2017,12.68,12.844,12.624,12.7,12.616845,15689482
1/13/2017,12.776,12.904,12.724,12.764,12.680426,19279060
1/16/2017,12.8,12.868,12.308,12.68,12.596976,30233772
1/17/2017,12.716,13.14,12.716,13.124,13.038069,37808130
1/18/2017,13.06,13.292,13.02,13.252,13.165231,29548538
1/19/2017,13.092,13.236,12.964,13,12.914881,23070465
1/20/2017,12.988,13.204,12.924,13.056,12.970514,26845655
1/23/2017,13.104,13.24,13.044,13.12,13.034095,14303942
1/24/2017,13.168,13.256,12.992,13.04,12.954618,16791395
1/25/2017,13.008,13.14,12.96,13.104,13.0182,14414712
1/26/2017,13.184,13.196,13.06,13.112,13.026148,12930585
2/3/2017,13.112,13.22,13.1,13.136,13.04999,12275812
2/6/2017,13.136,13.24,13.004,13.24,13.153309,19582228
2/7/2017,13.28,13.788,13.22,13.672,13.58248,41121345
2/8/2017,13.6,13.724,13.484,13.688,13.598375,26031598
2/9/2017,13.68,13.756,13.6,13.664,13.574533,19866490
2/10/2017,13.7,13.732,13.504,13.508,13.419555,16147468
2/13/2017,13.5,13.672,13.352,13.548,13.459293,22780150
2/14/2017,13.68,14.104,13.68,14.008,13.916281,45926920
2/15/2017,14.06,14.396,13.924,14,13.908333,50996985
2/16/2017,13.94,14.092,13.84,14.084,13.991783,26205438
2/17/2017,14.168,14.4,14.008,14.084,13.991783,22781330
2/20/2017,14.12,14.156,13.912,14.06,13.96794,29351800
2/21/2017,14.092,14.2,13.912,14.04,13.948071,22800715
2/22/2017,14.08,14.348,13.944,14.32,14.226237,31677260
2/23/2017,14.34,14.452,14.12,14.176,14.08318,21171465
2/24/2017,14.12,14.264,13.944,14.016,13.924229,20857192
2/27/2017,14.008,14.224,13.944,14.048,13.956019,17954312
2/28/2017,14,14,13.316,13.388,13.30034,65622700
3/1/2017,13.344,13.372,13.024,13.22,13.133441,72257280
3/2/2017,13.172,13.56,13.172,13.336,13.248681,39028395
3/3/2017,13.32,13.588,13.232,13.54,13.451345,31242105
3/6/2017,13.596,13.88,13.48,13.828,13.737459,41517508
3/7/2017,13.9,14.152,13.828,14.064,13.971914,45147352
3/8/2017,14.04,14.04,13.8,13.94,13.848725,23961215
3/9/2017,13.88,13.916,13.652,13.74,13.650035,18468068
3/10/2017,13.68,13.856,13.62,13.776,13.6858,20195945
3/13/2017,13.72,14.512,13.64,14.412,14.317636,79360978
3/14/2017,14.46,14.728,14.264,14.496,14.401086,65257482
3/15/2017,14.432,14.616,14.268,14.5,14.40506,38426382
3/16/2017,14.56,14.664,14.36,14.512,14.416981,33937078
3/17/2017,14.512,14.56,14.216,14.244,14.150736,28098005
3/20/2017,14.2,14.672,14.2,14.668,14.571959,53710912
3/21/2017,14.668,14.796,14.572,14.72,14.623619,35067592
3/22/2017,14.884,15.1,14.752,14.78,14.683226,53207420
3/23/2017,14.82,15.164,14.672,15.16,15.060738,48982352
3/24/2017,15.164,15.712,15.104,15.304,15.203795,64232075
3/27/2017,15.52,15.72,15.132,15.14,15.040869,48238292
3/28/2017,15.24,15.376,14.884,15.12,15.021,36535545
3/29/2017,15.112,15.244,14.964,15.04,14.941524,24155532
3/30/2017,15.048,15.18,14.82,15.092,14.993183,28847298
3/31/2017,15.116,15.268,14.984,15.144,15.044843,30253425
4/5/2017,15.144,15.46,15.04,15.16,15.060738,39807760
4/6/2017,15.16,15.18,14.72,14.876,14.778598,44547635
4/7/2017,14.864,15.06,14.748,14.972,14.873969,30988168
4/10/2017,14.792,14.856,14.4,14.4,14.305714,40129955
4/11/2017,14.392,14.624,14.128,14.48,14.38519,31770440
4/12/2017,14.4,14.552,14.308,14.308,14.214316,21223962
4/13/2017,14.324,14.48,14.204,14.336,14.242134,15535828
4/14/2017,14.28,14.28,13.916,13.98,13.888464,31188630
4/17/2017,14.2,14.2,13.904,14,13.908333,18365390
4/18/2017,14.08,14.476,14.02,14.404,14.309689,28388658
4/19/2017,14.352,14.64,14.308,14.58,14.484535,29877445
4/20/2017,14.58,14.804,14.512,14.724,14.627593,27437640
4/21/2017,14.68,14.9,14.284,14.312,14.21829,29054628
4/24/2017,14.288,14.692,14.132,14.664,14.567986,28355092
4/25/2017,14.72,15.388,14.712,15.18,15.080607,74551118
4/26/2017,15.192,15.504,15.04,15.184,15.08458,49449225
4/27/2017,15.212,15.568,15.06,15.48,15.378642,45725098
4/28/2017,15.5,15.66,15.388,15.52,15.418382,30521462
5/2/2017,15.52,15.552,15.288,15.416,15.315063,22569555
5/3/2017,15.284,15.504,15.12,15.376,15.275324,22116108
5/4/2017,15.376,15.6,15.188,15.56,15.458119,34837472
5/5/2017,15.48,15.516,15.236,15.236,15.13624,23078860
5/8/2017,15.232,15.24,14.76,14.912,14.814362,26632175
5/9/2017,14.916,15.588,14.916,15.584,15.481961,35473012
5/10/2017,15.6,16.156,15.512,15.54,15.43825,66779825
5/11/2017,15.472,15.856,15.3,15.452,15.350825,40329372
5/12/2017,15.56,15.628,15.3,15.468,15.366722,22476952
5/15/2017,15.544,16.040001,15.544,16.040001,15.934977,46246918
5/16/2017,15.976,16.52,15.88,16.483999,16.376068,56230420
5/17/2017,16.5,16.66,16.139999,16.304001,16.197248,41260952
5/18/2017,16.084,16.32,16.024,16.068001,15.962793,23079890
5/19/2017,16.004,16.011999,15.38,15.48,15.378642,69184778
5/22/2017,15.48,15.72,15.2,15.34,15.239559,53018995
5/23/2017,15.228,15.64,15.16,15.4,15.299166,46515582
5/24/2017,15.416,16,15.36,15.84,15.736286,46451655
5/25/2017,15.876,15.932,15.324,15.748,15.644888,32282265
5/26/2017,15.748,15.94,15.2,15.432,15.330957,40278235
5/31/2017,15.432,15.66,15.368,15.62,15.517726,24463565
6/1/2017,15.64,16.059999,15.488,15.952,15.847552,40943728
6/2/2017,15.952,15.952,15.952,15.952,15.847552,0
6/5/2017,15.952,15.952,15.952,15.952,15.847552,0
6/6/2017,15.952,15.952,15.952,15.952,15.847552,0
6/7/2017,16,16.952,15.884,16.799999,16.689999,64170700
6/8/2017,16.780001,16.936001,16.6,16.68,16.570786,36884720
6/9/2017,16.724001,17.1,16.52,16.799999,16.689999,43580442
6/12/2017,16.6,16.870001,16.16,16.610001,16.610001,36069660
6/13/2017,16.43,16.690001,16.280001,16.5,16.5,28962212
6/14/2017,16.4,16.58,16,16.09,16.09,33137714
6/15/2017,16.1,16.59,15.99,16.59,16.59,29923548
6/16/2017,16.51,16.629999,16.110001,16.35,16.35,36331959
6/19/2017,16.35,16.700001,16.16,16.700001,16.700001,32733684
6/20/2017,16.75,16.93,16.469999,16.59,16.59,34392040
6/21/2017,16.59,16.75,16.309999,16.74,16.74,34365332
6/22/2017,16.719999,17.360001,16.6,16.65,16.65,59766089
6/23/2017,16.559999,17.07,16.360001,17.07,17.07,43791569
6/26/2017,17.07,17.32,16.9,17.219999,17.219999,38990613
6/27/2017,17.200001,17.65,17.059999,17.52,17.52,49732522
6/28/2017,17.379999,17.540001,17.120001,17.120001,17.120001,35842159
6/29/2017,17.190001,17.700001,16.99,17.67,17.67,40642344
6/30/2017,17.700001,18.280001,17.610001,18.17,18.17,65351782
7/3/2017,18,18.450001,17.83,18,18,44029420
7/4/2017,17.92,18.68,17.549999,18.6,18.6,50181401
7/5/2017,18.35,18.77,18.280001,18.620001,18.620001,39246842
7/6/2017,18.559999,18.65,18.08,18.440001,18.440001,35866403
7/7/2017,18.540001,18.639999,18.110001,18.18,18.18,29800164
7/10/2017,18.02,18.290001,17.58,17.700001,17.700001,37752223
7/11/2017,17.799999,18.059999,17.65,17.84,17.84,22573507
7/12/2017,17.709999,18.200001,17.57,18.200001,18.200001,29808583
7/13/2017,18.200001,18.35,17.799999,17.83,17.83,21294847
7/14/2017,17.799999,18.18,17.65,17.950001,17.950001,20586309
7/17/2017,17.860001,17.98,16.82,17.16,17.16,37639054
7/18/2017,17.15,17.68,17,17.59,17.59,29865699
7/19/2017,17.440001,19.35,17.440001,19.34,19.34,81025385
7/20/2017,19.200001,19.549999,19.030001,19.35,19.35,46216189
7/21/2017,19.35,19.83,18.93,18.950001,18.950001,49697864
7/24/2017,19.1,19.389999,18.799999,19.09,19.09,33329127
7/25/2017,19.09,19.66,18.9,18.9,18.9,38571126
7/26/2017,18.74,19.09,18.299999,18.940001,18.940001,41700062
7/27/2017,18.879999,19.139999,18.65,18.93,18.93,31209999
7/28/2017,18.93,19.299999,18.709999,18.85,18.85,26340221
7/31/2017,18.82,19.08,18.610001,18.950001,18.950001,25535413
8/1/2017,18.809999,19.040001,18.620001,18.9,18.9,28979035
8/2/2017,19.15,19.690001,19.01,19.23,19.23,57023603
8/3/2017,19.23,19.379999,18.379999,18.49,18.49,50241709
8/4/2017,18.309999,18.459999,17.65,18,18,53369838
8/7/2017,17.9,18.49,17.9,18.27,18.27,27210914
8/8/2017,18.27,18.98,18.27,18.98,18.98,38710950
8/9/2017,19,19,18.629999,18.709999,18.709999,22612480
8/10/2017,18.68,19.370001,18.620001,19,19,39213937
8/11/2017,19,19.379999,18.6,18.67,18.67,36553701
8/14/2017,18.75,20,18.75,19.879999,19.879999,67872619
8/15/2017,19.99,20.440001,19.809999,20.16,20.16,61106371
8/16/2017,20.15,20.700001,19.98,20.35,20.35,43726192
8/17/2017,20.209999,20.35,19.860001,20.23,20.23,32003918
8/18/2017,20,20.389999,19.84,19.99,19.99,24099516
8/21/2017,20.17,20.58,20,20.35,20.35,33124564
8/22/2017,20.33,20.469999,19.799999,19.98,19.98,43965640
8/23/2017,19.969999,20.15,19.52,19.85,19.85,21225621
8/24/2017,19.92,20.110001,19.85,20.01,20.01,28345519
8/25/2017,20,20.09,19.610001,19.969999,19.969999,26256440
8/28/2017,20.02,20.540001,19.959999,20.129999,20.129999,54703771
8/29/2017,20.15,20.65,20.15,20.559999,20.559999,46558078
8/30/2017,20.559999,21.700001,20.469999,21.540001,21.540001,74782370
8/31/2017,21.540001,21.540001,21.01,21.309999,21.309999,41954924
9/1/2017,21.4,21.559999,21.15,21.48,21.48,38043968
9/4/2017,21.5,22.15,21.25,21.83,21.83,58719996
9/5/2017,21.950001,22.4,21.379999,21.809999,21.809999,65111501
9/6/2017,21.41,21.809999,20.860001,21.5,21.5,52716530
9/7/2017,21.629999,21.790001,21.120001,21.15,21.15,36763801
9/8/2017,21.360001,21.360001,20.799999,21.08,21.08,31843806
9/11/2017,20.84,21.32,20.76,21.24,21.24,39031713
9/12/2017,21.41,22.120001,21.24,22.1,22.1,62718531
9/13/2017,22.049999,22.049999,20.799999,21.360001,21.360001,57972466
9/14/2017,21.34,21.809999,21.049999,21.190001,21.190001,38474368
9/15/2017,21.08,21.35,20.870001,20.9,20.9,23374886
9/18/2017,20.6,21.33,20.450001,21.309999,21.309999,28636616
9/19/2017,21.35,21.389999,20.200001,20.219999,20.219999,54137534
9/20/2017,20.190001,20.57,20.129999,20.32,20.32,32036017
9/21/2017,20.190001,20.549999,19.809999,20.360001,20.360001,43108916
9/22/2017,20.25,20.620001,20.049999,20.440001,20.440001,20902624
9/25/2017,20.32,20.530001,19.940001,19.969999,19.969999,25746771
9/26/2017,19.91,20.34,19.84,20.27,20.27,18937548
9/27/2017,20.280001,21.15,20.280001,21,21,37179535
9/28/2017,20.98,21.379999,20.85,21.299999,21.299999,36409797
9/29/2017,21.18,21.42,21.01,21.190001,21.190001,24135585
10/9/2017,21.190001,21.75,21.129999,21.549999,21.549999,34412090
10/10/2017,21.629999,21.790001,21.190001,21.530001,21.530001,29108707
10/11/2017,21.450001,21.450001,21.01,21.16,21.16,25940182
10/12/2017,21.15,21.370001,21,21.200001,21.200001,16458092
10/13/2017,21.209999,22.299999,21.209999,22.299999,22.299999,72925368
10/16/2017,22.379999,22.440001,21.780001,22.139999,22.139999,43995679
10/17/2017,22.110001,22.91,22.110001,22.82,22.82,48921837
10/18/2017,22.75,23.790001,22.51,23.68,23.68,52766661
10/19/2017,23.6,23.85,23.26,23.51,23.51,40077823
10/20/2017,23.219999,23.309999,22.52,22.91,22.91,36853420
10/23/2017,23,23.32,22.59,23.24,23.24,43442370
10/24/2017,22.700001,23.49,22.6,23.110001,23.110001,38057552
10/25/2017,23.1,23.35,22.799999,23.209999,23.209999,24900888
10/26/2017,23.290001,23.790001,23.16,23.309999,23.309999,38984655
10/27/2017,23.34,23.440001,22.66,23.200001,23.200001,30224168
10/30/2017,23.309999,23.85,22.93,23.82,23.82,46051768
10/31/2017,23.75,23.77,23.059999,23.559999,23.559999,27287076
11/1/2017,23.4,23.4,22.549999,22.549999,22.549999,46360974
11/2/2017,22.07,22.84,22.07,22.34,22.34,27289633
11/3/2017,22.51,23.030001,22.299999,22.549999,22.549999,36161919
11/6/2017,22.58,22.799999,22.200001,22.700001,22.700001,27226866
11/7/2017,22.780001,23.790001,22.75,23.700001,23.700001,52758158
11/8/2017,23.5,24,23.35,23.42,23.42,43835964
11/9/2017,23.08,23.98,22.700001,23.9,23.9,46007269
11/10/2017,23.85,24.66,23.620001,24.41,24.41,54882330
11/13/2017,24.280001,25.9,24.200001,25.9,25.9,58501740
11/14/2017,25.9,26.120001,24.92,25.34,25.34,49658937
11/15/2017,25.290001,25.290001,24.139999,24.469999,24.469999,47977456
11/16/2017,24.469999,24.9,24.219999,24.809999,24.809999,40757076
11/17/2017,24.780001,24.99,23.809999,23.92,23.92,46667621
11/20/2017,24.02,24.91,23.969999,24.639999,24.639999,50197667
11/21/2017,24.68,25.629999,24.629999,25.01,25.01,61277201
11/22/2017,25.120001,25.4,24.219999,24.9,24.9,42290307
11/23/2017,24.75,24.83,23.82,24.08,24.08,39713655
11/24/2017,23.790001,24.18,22.799999,23.01,23.01,42251735
11/27/2017,23,23,21.77,22.09,22.09,36741352
11/28/2017,22.360001,22.98,22.24,22.75,22.75,31740810
11/29/2017,22.84,23.01,22.370001,22.51,22.51,27649766
11/30/2017,22.4,22.870001,21.42,21.860001,21.860001,33931571
12/1/2017,22,22.83,21.75,22.25,22.25,41645256
12/4/2017,22.35,22.940001,22.1,22.75,22.75,39601939
12/5/2017,22.700001,22.99,21.610001,22.24,22.24,41022897
12/6/2017,22.27,22.58,21.309999,21.9,21.9,41597308
12/7/2017,22.18,22.48,21.469999,21.77,21.77,26182492
12/8/2017,21.809999,22.43,21.58,22.4,22.4,43648061
12/11/2017,22.389999,23.110001,22.25,23.049999,23.049999,44513223
12/12/2017,23.049999,23.24,22.52,22.58,22.58,31450106
12/13/2017,22.41,22.48,21.299999,21.76,21.76,61886185
12/14/2017,21.530001,21.530001,19.75,20.17,20.17,129737300
12/15/2017,20.25,20.889999,20.129999,20.33,20.33,65438346
12/18/2017,20.33,21.1,20.33,21,21,50781587
12/19/2017,20.809999,21.450001,20.59,20.799999,20.799999,38825443
12/20/2017,20.700001,20.879999,20.1,20.290001,20.290001,35804865
12/21/2017,20.15,21.1,20.15,20.82,20.82,34817380
12/22/2017,20.959999,21,20.25,20.42,20.42,28029363
12/25/2017,20.379999,20.5,19.59,19.799999,19.799999,51851865
12/26/2017,19.85,20.57,19.809999,20.26,20.26,30212607
12/27/2017,20.08,20.450001,19.83,20.049999,20.049999,25043667
12/28/2017,19.870001,20.440001,19.75,20.18,20.18,27038928
12/29/2017,20.309999,20.66,20.299999,20.59,20.59,36557245
1/2/2018,20.52,20.889999,20.200001,20.75,20.75,37058023
1/3/2018,20.85,21.57,20.83,21.34,21.34,40642136
